 ,transaction_id,date,keyword,amount_cad,direction,transaction_type,merchant_or_source,description,account,scope,status,mixed_halal_pct,haram_portion_disposed,cost_basis_cad,related_reference,missing_information,parse_line
Faris Mahmood,FMR000385,2025-08-17,freelance_income,$431.44,inflow,income,Freelance Client,,FM_CHQ_PERSONAL,personal,posted,,,,,,2025-08-17 | freelance_income | 431.44 | inflow | income | Freelance Client | Freelance professional work payment
Faris Mahmood,FMR000478,2025-08-17,business_supplies,$182.54,outflow,expense,Office Supplier,Business supplies purchase,FM_CHQ_BUSINESS,business,posted,,,,,,2025-08-17 | business_supplies | 182.54 | outflow | expense | Office Supplier | Business supplies purchase
Faris Mahmood,FMR000207,2025-08-18,business_advertising,$243.74,outflow,expense,Ad Platform,Business advertising expense,FM_CHQ_BUSINESS,business,posted,,,,,,2025-08-18 | business_advertising | 243.74 | outflow | expense | Ad Platform | Business advertising expense
Faris Mahmood,FMR000557,2025-08-19,transportation,$102.42,outflow,expense,Transit / Fuel,Transportation expense,FM_VISA_PERSONAL,personal,posted,,,,,,2025-08-19 | transportation | 102.42 | outflow | expense | Transit / Fuel | Transportation expense
Faris Mahmood,FMR000159,2025-08-21,rental_income,$600.90,inflow,income,Tenant,Residential rent payment,FM_CHQ_PERSONAL,personal,posted,,,,,,2025-08-21 | rental_income | 600.90 | inflow | income | Tenant | Residential rent payment
Faris Mahmood,FMR000410,2025-08-21,electricity_bill,$161.50,outflow,expense,Electric Utility,Monthly electricity bill,FM_VISA_PERSONAL,personal,posted,,,,,,2025-08-21 | electricity_bill | 161.50 | outflow | expense | Electric Utility | Monthly electricity bill
Faris Mahmood,FMR000584,2025-08-21,phone_bill,$119.54,outflow,expense,Mobile Provider,Monthly phone bill,FM_VISA_PERSONAL,personal,posted,,,,,,2025-08-21 | phone_bill | 119.54 | outflow | expense | Mobile Provider | Monthly phone bill
Faris Mahmood,FMR000076,2025-08-22,restaurant_meal,$48.29,outflow,expense,Local Restaurant,Restaurant meal,FM_VISA_PERSONAL,personal,posted,,,,,,2025-08-22 | restaurant_meal | 48.29 | outflow | expense | Local Restaurant | Restaurant meal
Faris Mahmood,FMR000487,2025-08-22,business_advertising,$23.54,outflow,expense,Ad Platform,Business advertising expense,FM_CHQ_BUSINESS,business,posted,,,,,,2025-08-22 | business_advertising | 23.54 | outflow | expense | Ad Platform | Business advertising expense
Faris Mahmood,FMR000303,2025-08-24,business_advertising,$212.60,outflow,expense,Ad Platform,Business advertising expense,FM_CHQ_BUSINESS,business,posted,,,,,,2025-08-24 | business_advertising | 212.60 | outflow | expense | Ad Platform | Business advertising expense
Faris Mahmood,FMR000481,2025-08-24,restaurant_meal,$60.11,outflow,expense,Local Restaurant,Restaurant meal,FM_VISA_PERSONAL,personal,posted,,,,,,2025-08-24 | restaurant_meal | 60.11 | outflow | expense | Local Restaurant | Restaurant meal
Faris Mahmood,FMR000597,2025-08-24,business_advertising,$104.33,outflow,expense,Ad Platform,Business advertising expense,FM_CHQ_BUSINESS,business,posted,,,,,,2025-08-24 | business_advertising | 104.33 | outflow | expense | Ad Platform | Business advertising expense
Faris Mahmood,FMR000359,2025-08-26,software_subscription,$57.50,outflow,expense,Software Vendor,Software subscription,FM_CHQ_BUSINESS,business,posted,,,,,,2025-08-26 | software_subscription | 57.50 | outflow | expense | Software Vendor | Software subscription
Faris Mahmood,FMR000430,2025-08-26,phone_bill,$75.33,outflow,expense,Mobile Provider,Monthly phone bill,FM_VISA_PERSONAL,personal,posted,,,,,,2025-08-26 | phone_bill | 75.33 | outflow | expense | Mobile Provider | Monthly phone bill
Faris Mahmood,FMR000188,2025-08-28,transportation,$32.05,outflow,expense,Transit / Fuel,Transportation expense,FM_VISA_PERSONAL,personal,posted,,,,,,2025-08-28 | transportation | 32.05 | outflow | expense | Transit / Fuel | Transportation expense
Faris Mahmood,FMR000001,2025-08-29,salary_income,"$3,550.00",inflow,income,Employer Payroll,Monthly employment salary,FM_CHQ_PERSONAL,personal,posted,,,,,,2025-08-29 | salary_income | 3550.00 | inflow | income | Employer Payroll | Monthly employment salary
Faris Mahmood,FMR000439,2025-08-29,phone_bill,$67.96,outflow,expense,Mobile Provider,Monthly phone bill,FM_VISA_PERSONAL,personal,posted,,,,,,2025-08-29 | phone_bill | 67.96 | outflow | expense | Mobile Provider | Monthly phone bill
Faris Mahmood,FMR000378,2025-08-30,business_advertising,$198.92,outflow,expense,Ad Platform,Business advertising expense,FM_CHQ_BUSINESS,business,posted,,,,,,2025-08-30 | business_advertising | 198.92 | outflow | expense | Ad Platform | Business advertising expense
Faris Mahmood,FMR000093,2025-08-31,business_advertising,$66.18,outflow,expense,Ad Platform,Business advertising expense,FM_CHQ_BUSINESS,business,posted,,,,,,2025-08-31 | business_advertising | 66.18 | outflow | expense | Ad Platform | Business advertising expense
Faris Mahmood,FMR000223,2025-08-31,freelance_income,$420.04,inflow,income,Freelance Client,Freelance professional work payment,FM_CHQ_PERSONAL,personal,posted,,,,,,2025-08-31 | freelance_income | 420.04 | inflow | income | Freelance Client | Freelance professional work payment
Faris Mahmood,FMR000340,2025-08-31,business_sale_income,$318.20,inflow,income,Online Customer,Ordinary permissible product sale,FM_CHQ_BUSINESS,business,posted,,,,,,2025-08-31 | business_sale_income | 318.20 | inflow | income | Online Customer | Ordinary permissible product sale
Faris Mahmood,FMR000316,2025-09-02,software_subscription,$27.65,outflow,expense,Software Vendor,Software subscription,FM_CHQ_BUSINESS,business,posted,,,,,,2025-09-02 | software_subscription | 27.65 | outflow | expense | Software Vendor | Software subscription
Faris Mahmood,FMR000477,2025-09-02,business_advertising,$224.86,outflow,expense,Ad Platform,Business advertising expense,FM_CHQ_BUSINESS,business,posted,,,,,,2025-09-02 | business_advertising | 224.86 | outflow | expense | Ad Platform | Business advertising expense
Faris Mahmood,FMS0001,2025-09-02,salary_income,"$3,450.00",inflow,income,Employer Payroll,Monthly employment salary,FM_CHQ_PERSONAL,personal,posted,,,,,,2025-09-02 | salary_income | 3450.00 | inflow | income | Employer Payroll | Monthly employment salary
Faris Mahmood,FMR000038,2025-09-03,business_supplies,$67.08,outflow,expense,Office Supplier,Business supplies purchase,FM_CHQ_BUSINESS,business,posted,,,,,,2025-09-03 | business_supplies | 67.08 | outflow | expense | Office Supplier | Business supplies purchase
Faris Mahmood,FMR000154,2025-09-03,business_supplies,$77.85,outflow,expense,Office Supplier,Business supplies purchase,FM_CHQ_BUSINESS,business,posted,,,,,,2025-09-03 | business_supplies | 77.85 | outflow | expense | Office Supplier | Business supplies purchase
Faris Mahmood,FMR000514,2025-09-03,tip_income,$26.77,inflow,income,Customer Tips,Tips from permissible work,FM_CHQ_PERSONAL,personal,posted,,,,,,2025-09-03 | tip_income | 26.77 | inflow | income | Customer Tips | Tips from permissible work
Faris Mahmood,FMR000196,2025-09-04,business_supplies,$23.81,outflow,expense,Office Supplier,Business supplies purchase,FM_CHQ_BUSINESS,business,posted,,,,,,2025-09-04 | business_supplies | 23.81 | outflow | expense | Office Supplier | Business supplies purchase
Faris Mahmood,FMR000345,2025-09-04,phone_bill,$107.08,outflow,expense,Mobile Provider,Monthly phone bill,FM_VISA_PERSONAL,personal,posted,,,,,,2025-09-04 | phone_bill | 107.08 | outflow | expense | Mobile Provider | Monthly phone bill
Faris Mahmood,FMR000247,2025-09-05,tip_income,$45.99,inflow,income,Customer Tips,Tips from permissible work,FM_CHQ_PERSONAL,personal,posted,,,,,,2025-09-05 | tip_income | 45.99 | inflow | income | Customer Tips | Tips from permissible work
Faris Mahmood,FMR000052,2025-09-06,software_subscription,$26.18,outflow,expense,Software Vendor,Software subscription,FM_CHQ_BUSINESS,business,posted,,,,,,2025-09-06 | software_subscription | 26.18 | outflow | expense | Software Vendor | Software subscription
Faris Mahmood,FMR000081,2025-09-06,business_advertising,$233.67,outflow,expense,Ad Platform,Business advertising expense,FM_CHQ_BUSINESS,business,posted,,,,,,2025-09-06 | business_advertising | 233.67 | outflow | expense | Ad Platform | Business advertising expense
Faris Mahmood,FMR000180,2025-09-06,groceries,$36.11,outflow,expense,Local Grocer,Household grocery purchase,FM_VISA_PERSONAL,personal,posted,,,,,,2025-09-06 | groceries | 36.11 | outflow | expense | Local Grocer | Household grocery purchase
Faris Mahmood,FMR000175,2025-09-07,software_subscription,$77.29,outflow,expense,Software Vendor,Software subscription,FM_CHQ_BUSINESS,business,posted,,,,,,2025-09-07 | software_subscription | 77.29 | outflow | expense | Software Vendor | Software subscription
Faris Mahmood,FMR000210,2025-09-07,transportation,$73.30,outflow,expense,Transit / Fuel,Transportation expense,FM_VISA_PERSONAL,personal,posted,,,,,,2025-09-07 | transportation | 73.30 | outflow | expense | Transit / Fuel | Transportation expense
Faris Mahmood,FMR000590,2025-09-07,business_sale_income,$63.17,inflow,income,Online Customer,Ordinary permissible product sale,FM_CHQ_BUSINESS,business,posted,,,,,,2025-09-07 | business_sale_income | 63.17 | inflow | income | Online Customer | Ordinary permissible product sale
Faris Mahmood,FMR000120,2025-09-08,software_subscription,$82.30,outflow,expense,Software Vendor,Software subscription,FM_CHQ_BUSINESS,business,posted,,,,,,2025-09-08 | software_subscription | 82.30 | outflow | expense | Software Vendor | Software subscription
Faris Mahmood,FMR000161,2025-09-09,transportation,$22.63,outflow,expense,Transit / Fuel,Transportation expense,FM_VISA_PERSONAL,personal,posted,,,,,,2025-09-09 | transportation | 22.63 | outflow | expense | Transit / Fuel | Transportation expense
Faris Mahmood,FMR000218,2025-09-09,transportation,$60.33,outflow,expense,Transit / Fuel,Transportation expense,FM_VISA_PERSONAL,personal,posted,,,,,,2025-09-09 | transportation | 60.33 | outflow | expense | Transit / Fuel | Transportation expense
Faris Mahmood,FMR000335,2025-09-09,business_advertising,$142.20,outflow,expense,Ad Platform,Business advertising expense,FM_CHQ_BUSINESS,business,posted,,,,,,2025-09-09 | business_advertising | 142.20 | outflow | expense | Ad Platform | Business advertising expense
Faris Mahmood,FMR000390,2025-09-09,groceries,$93.44,outflow,expense,Local Grocer,Household grocery purchase,FM_VISA_PERSONAL,personal,posted,,,,,,2025-09-09 | groceries | 93.44 | outflow | expense | Local Grocer | Household grocery purchase
Faris Mahmood,FMR000398,2025-09-09,restaurant_meal,$70.82,outflow,expense,Local Restaurant,Restaurant meal,FM_VISA_PERSONAL,personal,posted,,,,,,2025-09-09 | restaurant_meal | 70.82 | outflow | expense | Local Restaurant | Restaurant meal
Faris Mahmood,FMR000546,2025-09-09,business_sale_income,$306.03,inflow,income,Online Customer,Ordinary permissible product sale,FM_CHQ_BUSINESS,business,posted,,,,,,2025-09-09 | business_sale_income | 306.03 | inflow | income | Online Customer | Ordinary permissible product sale
Faris Mahmood,FMR000404,2025-09-10,business_advertising,$75.29,outflow,expense,Ad Platform,Business advertising expense,FM_CHQ_BUSINESS,business,posted,,,,,,2025-09-10 | business_advertising | 75.29 | outflow | expense | Ad Platform | Business advertising expense
Faris Mahmood,FMR000509,2025-09-10,groceries,$40.01,outflow,expense,Local Grocer,Household grocery purchase,FM_VISA_PERSONAL,personal,posted,,,,,,2025-09-10 | groceries | 40.01 | outflow | expense | Local Grocer | Household grocery purchase
Faris Mahmood,FMR000103,2025-09-11,tip_income,$86.18,inflow,income,Customer Tips,Tips from permissible work,FM_CHQ_PERSONAL,personal,posted,,,,,,2025-09-11 | tip_income | 86.18 | inflow | income | Customer Tips | Tips from permissible work
Faris Mahmood,FMR000046,2025-09-13,business_sale_income,$94.66,inflow,income,Online Customer,Ordinary permissible product sale,FM_CHQ_BUSINESS,business,posted,,,,,,2025-09-13 | business_sale_income | 94.66 | inflow | income | Online Customer | Ordinary permissible product sale
Faris Mahmood,FMR000139,2025-09-13,business_advertising,$65.41,outflow,expense,Ad Platform,Business advertising expense,FM_CHQ_BUSINESS,business,posted,,,,,,2025-09-13 | business_advertising | 65.41 | outflow | expense | Ad Platform | Business advertising expense
Faris Mahmood,FMR000333,2025-09-13,electricity_bill,$91.52,outflow,expense,Electric Utility,Monthly electricity bill,FM_VISA_PERSONAL,personal,posted,,,,,,2025-09-13 | electricity_bill | 91.52 | outflow | expense | Electric Utility | Monthly electricity bill
Faris Mahmood,FMR000344,2025-09-13,business_advertising,$135.42,outflow,expense,Ad Platform,Business advertising expense,FM_CHQ_BUSINESS,business,posted,,,,,,2025-09-13 | business_advertising | 135.42 | outflow | expense | Ad Platform | Business advertising expense
Faris Mahmood,FMR000138,2025-09-14,business_advertising,$65.70,outflow,expense,Ad Platform,Business advertising expense,FM_CHQ_BUSINESS,business,posted,,,,,,2025-09-14 | business_advertising | 65.70 | outflow | expense | Ad Platform | Business advertising expense
Faris Mahmood,FMS0002,2025-09-14,freelance_income,$825.00,inflow,income,Design Client,Freelance design project payment,FM_CHQ_PERSONAL,personal,posted,,,,,,2025-09-14 | freelance_income | 825.00 | inflow | income | Design Client | Freelance design project payment
Faris Mahmood,FMR000145,2025-09-15,business_sale_income,$244.07,inflow,income,Online Customer,Ordinary permissible product sale,FM_CHQ_BUSINESS,business,posted,,,,,,2025-09-15 | business_sale_income | 244.07 | inflow | income | Online Customer | Ordinary permissible product sale
Faris Mahmood,FMR000252,2025-09-15,personal_spending,$174.34,outflow,expense,Retail Store,Personal spending,FM_VISA_PERSONAL,personal,posted,,,,,,2025-09-15 | personal_spending | 174.34 | outflow | expense | Retail Store | Personal spending
Faris Mahmood,FMR000497,2025-09-17,phone_bill,$51.20,outflow,expense,Mobile Provider,Monthly phone bill,FM_VISA_PERSONAL,personal,posted,,,,,,2025-09-17 | phone_bill | 51.20 | outflow | expense | Mobile Provider | Monthly phone bill
Faris Mahmood,FMR000503,2025-09-17,phone_bill,$115.07,outflow,expense,Mobile Provider,Monthly phone bill,FM_VISA_PERSONAL,personal,posted,,,,,,2025-09-17 | phone_bill | 115.07 | outflow | expense | Mobile Provider | Monthly phone bill
Faris Mahmood,FMR000230,2025-09-18,tip_income,$80.76,inflow,income,Customer Tips,Tips from permissible work,FM_CHQ_PERSONAL,personal,posted,,,,,,2025-09-18 | tip_income | 80.76 | inflow | income | Customer Tips | Tips from permissible work
Faris Mahmood,FMR000266,2025-09-18,phone_bill,$52.46,outflow,expense,Mobile Provider,Monthly phone bill,FM_VISA_PERSONAL,personal,posted,,,,,,2025-09-18 | phone_bill | 52.46 | outflow | expense | Mobile Provider | Monthly phone bill
Faris Mahmood,FMR000479,2025-09-18,business_sale_income,$205.11,inflow,income,Online Customer,Ordinary permissible product sale,FM_CHQ_BUSINESS,business,posted,,,,,,2025-09-18 | business_sale_income | 205.11 | inflow | income | Online Customer | Ordinary permissible product sale
Faris Mahmood,FMR000534,2025-09-19,tip_income,$58.16,inflow,income,Customer Tips,Tips from permissible work,FM_CHQ_PERSONAL,personal,posted,,,,,,2025-09-19 | tip_income | 58.16 | inflow | income | Customer Tips | Tips from permissible work
Faris Mahmood,FMR000537,2025-09-19,restaurant_meal,$83.82,outflow,expense,Local Restaurant,Restaurant meal,FM_VISA_PERSONAL,personal,posted,,,,,,2025-09-19 | restaurant_meal | 83.82 | outflow | expense | Local Restaurant | Restaurant meal
Faris Mahmood,FMR000442,2025-09-20,phone_bill,$72.20,outflow,expense,Mobile Provider,Monthly phone bill,FM_VISA_PERSONAL,personal,posted,,,,,,2025-09-20 | phone_bill | 72.20 | outflow | expense | Mobile Provider | Monthly phone bill
Faris Mahmood,FMR000347,2025-09-21,transportation,$83.99,outflow,expense,Transit / Fuel,Transportation expense,FM_VISA_PERSONAL,personal,posted,,,,,,2025-09-21 | transportation | 83.99 | outflow | expense | Transit / Fuel | Transportation expense
Faris Mahmood,FMR000457,2025-09-22,business_sale_income,$413.64,inflow,income,Online Customer,Ordinary permissible product sale,FM_CHQ_BUSINESS,business,posted,,,,,,2025-09-22 | business_sale_income | 413.64 | inflow | income | Online Customer | Ordinary permissible product sale
Faris Mahmood,FMR000415,2025-09-23,business_advertising,$221.34,outflow,expense,Ad Platform,Business advertising expense,FM_CHQ_BUSINESS,business,posted,,,,,,2025-09-23 | business_advertising | 221.34 | outflow | expense | Ad Platform | Business advertising expense
Faris Mahmood,FMH001,2025-09-25,interest_income,$58.25,inflow,income,Bank,Interest income credited by bank,FM_SAVINGS,personal,posted,,,,,,2025-09-25 | interest_income | 58.25 | inflow | income | Bank | Interest income credited by bank
Faris Mahmood,FMR000017,2025-09-27,groceries,$155.02,outflow,expense,Local Grocer,Household grocery purchase,FM_VISA_PERSONAL,personal,posted,,,,,,2025-09-27 | groceries | 155.02 | outflow | expense | Local Grocer | Household grocery purchase
Faris Mahmood,FMR000337,2025-09-27,transportation,$49.08,outflow,expense,Transit / Fuel,Transportation expense,FM_VISA_PERSONAL,personal,posted,,,,,,2025-09-27 | transportation | 49.08 | outflow | expense | Transit / Fuel | Transportation expense
Faris Mahmood,FMR000560,2025-09-27,electricity_bill,$139.41,outflow,expense,Electric Utility,Monthly electricity bill,FM_VISA_PERSONAL,personal,posted,,,,,,2025-09-27 | electricity_bill | 139.41 | outflow | expense | Electric Utility | Monthly electricity bill
Faris Mahmood,FMR000002,2025-09-28,salary_income,"$3,550.00",inflow,income,Employer Payroll,Monthly employment salary,FM_CHQ_PERSONAL,personal,posted,,,,,,2025-09-28 | salary_income | 3550.00 | inflow | income | Employer Payroll | Monthly employment salary
Faris Mahmood,FMR000070,2025-09-28,personal_spending,$88.26,outflow,expense,Retail Store,Personal spending,FM_VISA_PERSONAL,personal,posted,,,,,,2025-09-28 | personal_spending | 88.26 | outflow | expense | Retail Store | Personal spending
Faris Mahmood,FMR000082,2025-09-28,rental_income,$973.37,inflow,income,Tenant,Residential rent payment,FM_CHQ_PERSONAL,personal,posted,,,,,,2025-09-28 | rental_income | 973.37 | inflow | income | Tenant | Residential rent payment
Faris Mahmood,FMR000484,2025-09-28,personal_spending,$58.44,outflow,expense,Retail Store,Personal spending,FM_VISA_PERSONAL,personal,posted,,,,,,2025-09-28 | personal_spending | 58.44 | outflow | expense | Retail Store | Personal spending
Faris Mahmood,FMR000541,2025-09-29,tip_income,$46.14,inflow,income,Customer Tips,Tips from permissible work,FM_CHQ_PERSONAL,personal,posted,,,,,,2025-09-29 | tip_income | 46.14 | inflow | income | Customer Tips | Tips from permissible work
Faris Mahmood,FMR000019,2025-09-30,transportation,$23.99,outflow,expense,Transit / Fuel,Transportation expense,FM_VISA_PERSONAL,personal,posted,,,,,,2025-09-30 | transportation | 23.99 | outflow | expense | Transit / Fuel | Transportation expense
Faris Mahmood,FMR000068,2025-10-01,business_supplies,$29.89,outflow,expense,Office Supplier,Business supplies purchase,FM_CHQ_BUSINESS,business,posted,,,,,,2025-10-01 | business_supplies | 29.89 | outflow | expense | Office Supplier | Business supplies purchase
Faris Mahmood,FMR000214,2025-10-01,rental_income,$917.24,inflow,income,Tenant,Residential rent payment,FM_CHQ_PERSONAL,personal,posted,,,,,,2025-10-01 | rental_income | 917.24 | inflow | income | Tenant | Residential rent payment
Faris Mahmood,FMR000604,2025-10-01,phone_bill,$85.21,outflow,expense,Mobile Provider,Monthly phone bill,FM_VISA_PERSONAL,personal,posted,,,,,,2025-10-01 | phone_bill | 85.21 | outflow | expense | Mobile Provider | Monthly phone bill
Faris Mahmood,FMS0003,2025-10-01,rental_income,"$1,550.00",inflow,income,Tenant,Monthly residential rent received,FM_CHQ_PERSONAL,personal,posted,,,,,,2025-10-01 | rental_income | 1550.00 | inflow | income | Tenant | Monthly residential rent received
Faris Mahmood,FMR000176,2025-10-02,transportation,$41.25,outflow,expense,Transit / Fuel,Transportation expense,FM_VISA_PERSONAL,personal,posted,,,,,,2025-10-02 | transportation | 41.25 | outflow | expense | Transit / Fuel | Transportation expense
Faris Mahmood,FMR000124,2025-10-04,software_subscription,$81.60,outflow,expense,Software Vendor,Software subscription,FM_CHQ_BUSINESS,business,posted,,,,,,2025-10-04 | software_subscription | 81.60 | outflow | expense | Software Vendor | Software subscription
Faris Mahmood,FMR000565,2025-10-04,freelance_income,$573.10,inflow,income,Freelance Client,Freelance professional work payment,FM_CHQ_PERSONAL,personal,posted,,,,,,2025-10-04 | freelance_income | 573.10 | inflow | income | Freelance Client | Freelance professional work payment
Faris Mahmood,FMR000361,2025-10-05,phone_bill,$71.51,outflow,expense,Mobile Provider,Monthly phone bill,FM_VISA_PERSONAL,personal,posted,,,,,,2025-10-05 | phone_bill | 71.51 | outflow | expense | Mobile Provider | Monthly phone bill
Faris Mahmood,FMR000575,2025-10-06,rental_income,"$1,599.89",inflow,income,Tenant,Residential rent payment,FM_CHQ_PERSONAL,personal,posted,,,,,,2025-10-06 | rental_income | 1599.89 | inflow | income | Tenant | Residential rent payment
Faris Mahmood,FMR000074,2025-10-07,restaurant_meal,$62.98,outflow,expense,Local Restaurant,Restaurant meal,FM_VISA_PERSONAL,personal,posted,,,,,,2025-10-07 | restaurant_meal | 62.98 | outflow | expense | Local Restaurant | Restaurant meal
Faris Mahmood,FMR000034,2025-10-08,freelance_income,$117.69,inflow,income,Freelance Client,Freelance professional work payment,FM_CHQ_PERSONAL,personal,posted,,,,,,2025-10-08 | freelance_income | 117.69 | inflow | income | Freelance Client | Freelance professional work payment
Faris Mahmood,FMR000309,2025-10-08,rental_income,$687.24,inflow,income,Tenant,Residential rent payment,FM_CHQ_PERSONAL,personal,posted,,,,,,2025-10-08 | rental_income | 687.24 | inflow | income | Tenant | Residential rent payment
Faris Mahmood,FMR000376,2025-10-09,business_advertising,$38.11,outflow,expense,Ad Platform,Business advertising expense,FM_CHQ_BUSINESS,business,posted,,,,,,2025-10-09 | business_advertising | 38.11 | outflow | expense | Ad Platform | Business advertising expense
Faris Mahmood,FMR000412,2025-10-09,personal_spending,$181.96,outflow,expense,Retail Store,Personal spending,FM_VISA_PERSONAL,personal,posted,,,,,,2025-10-09 | personal_spending | 181.96 | outflow | expense | Retail Store | Personal spending
Faris Mahmood,FMR000558,2025-10-09,phone_bill,$59.63,outflow,expense,Mobile Provider,Monthly phone bill,FM_VISA_PERSONAL,personal,posted,,,,,,2025-10-09 | phone_bill | 59.63 | outflow | expense | Mobile Provider | Monthly phone bill
Faris Mahmood,FMS0004,2025-10-09,scholarship_income,"$1,200.00",inflow,income,Community Foundation,Education scholarship payment,FM_CHQ_PERSONAL,personal,posted,,,,,,2025-10-09 | scholarship_income | 1200.00 | inflow | income | Community Foundation | Education scholarship payment
Faris Mahmood,FMR000013,2025-10-11,interest_income,$10.20,inflow,income,Bank,Savings account interest credit,FM_SAVINGS,personal,posted,,,,,,2025-10-11 | interest_income | 10.20 | inflow | income | Bank | Savings account interest credit
Faris Mahmood,FMR000143,2025-10-11,software_subscription,$31.30,outflow,expense,Software Vendor,Software subscription,FM_CHQ_BUSINESS,business,posted,,,,,,2025-10-11 | software_subscription | 31.30 | outflow | expense | Software Vendor | Software subscription
Faris Mahmood,FMR000389,2025-10-11,business_advertising,$96.08,outflow,expense,Ad Platform,Business advertising expense,FM_CHQ_BUSINESS,business,posted,,,,,,2025-10-11 | business_advertising | 96.08 | outflow | expense | Ad Platform | Business advertising expense
Faris Mahmood,FMR000101,2025-10-12,business_sale_income,$406.56,inflow,income,Online Customer,Ordinary permissible product sale,FM_CHQ_BUSINESS,business,posted,,,,,,2025-10-12 | business_sale_income | 406.56 | inflow | income | Online Customer | Ordinary permissible product sale
Faris Mahmood,FMR000087,2025-10-13,restaurant_meal,$84.60,outflow,expense,Local Restaurant,Restaurant meal,FM_VISA_PERSONAL,personal,posted,,,,,,2025-10-13 | restaurant_meal | 84.60 | outflow | expense | Local Restaurant | Restaurant meal
Faris Mahmood,FMR000272,2025-10-13,personal_spending,$143.01,outflow,expense,Retail Store,Personal spending,FM_VISA_PERSONAL,personal,posted,,,,,,2025-10-13 | personal_spending | 143.01 | outflow | expense | Retail Store | Personal spending
Faris Mahmood,FMR000360,2025-10-13,electricity_bill,$151.66,outflow,expense,Electric Utility,Monthly electricity bill,FM_VISA_PERSONAL,personal,posted,,,,,,2025-10-13 | electricity_bill | 151.66 | outflow | expense | Electric Utility | Monthly electricity bill
Faris Mahmood,FMR000581,2025-10-13,transportation,$31.12,outflow,expense,Transit / Fuel,Transportation expense,FM_VISA_PERSONAL,personal,posted,,,,,,2025-10-13 | transportation | 31.12 | outflow | expense | Transit / Fuel | Transportation expense
Faris Mahmood,FMR000589,2025-10-13,restaurant_meal,$72.07,outflow,expense,Local Restaurant,Restaurant meal,FM_VISA_PERSONAL,personal,posted,,,,,,2025-10-13 | restaurant_meal | 72.07 | outflow | expense | Local Restaurant | Restaurant meal
Faris Mahmood,FMR000232,2025-10-14,phone_bill,$67.92,outflow,expense,Mobile Provider,Monthly phone bill,FM_VISA_PERSONAL,personal,posted,,,,,,2025-10-14 | phone_bill | 67.92 | outflow | expense | Mobile Provider | Monthly phone bill
Faris Mahmood,FMR000451,2025-10-14,software_subscription,$42.41,outflow,expense,Software Vendor,Software subscription,FM_CHQ_BUSINESS,business,posted,,,,,,2025-10-14 | software_subscription | 42.41 | outflow | expense | Software Vendor | Software subscription
Faris Mahmood,FMR000530,2025-10-15,restaurant_meal,$55.82,outflow,expense,Local Restaurant,Restaurant meal,FM_VISA_PERSONAL,personal,posted,,,,,,2025-10-15 | restaurant_meal | 55.82 | outflow | expense | Local Restaurant | Restaurant meal
Faris Mahmood,FMR000182,2025-10-16,restaurant_meal,$72.78,outflow,expense,Local Restaurant,Restaurant meal,FM_VISA_PERSONAL,personal,posted,,,,,,2025-10-16 | restaurant_meal | 72.78 | outflow | expense | Local Restaurant | Restaurant meal
Faris Mahmood,FMR000268,2025-10-16,freelance_income,$667.94,inflow,income,Freelance Client,Freelance professional work payment,FM_CHQ_PERSONAL,personal,posted,,,,,,2025-10-16 | freelance_income | 667.94 | inflow | income | Freelance Client | Freelance professional work payment
Faris Mahmood,FMR000109,2025-10-17,electricity_bill,$118.87,outflow,expense,Electric Utility,Monthly electricity bill,FM_VISA_PERSONAL,personal,posted,,,,,,2025-10-17 | electricity_bill | 118.87 | outflow | expense | Electric Utility | Monthly electricity bill
Faris Mahmood,FMR000137,2025-10-18,business_supplies,$213.14,outflow,expense,Office Supplier,Business supplies purchase,FM_CHQ_BUSINESS,business,posted,,,,,,2025-10-18 | business_supplies | 213.14 | outflow | expense | Office Supplier | Business supplies purchase
Faris Mahmood,FMR000314,2025-10-18,freelance_income,$609.26,inflow,income,Freelance Client,Freelance professional work payment,FM_CHQ_PERSONAL,personal,posted,,,,,,2025-10-18 | freelance_income | 609.26 | inflow | income | Freelance Client | Freelance professional work payment
Faris Mahmood,FMR000407,2025-10-18,personal_spending,$125.60,outflow,expense,Retail Store,Personal spending,FM_VISA_PERSONAL,personal,posted,,,,,,2025-10-18 | personal_spending | 125.60 | outflow | expense | Retail Store | Personal spending
Faris Mahmood,FMR000136,2025-10-19,freelance_income,$477.80,inflow,income,Freelance Client,Freelance professional work payment,FM_CHQ_PERSONAL,personal,posted,,,,,,2025-10-19 | freelance_income | 477.80 | inflow | income | Freelance Client | Freelance professional work payment
Faris Mahmood,FMR000441,2025-10-19,phone_bill,$48.37,outflow,expense,Mobile Provider,Monthly phone bill,FM_VISA_PERSONAL,personal,posted,,,,,,2025-10-19 | phone_bill | 48.37 | outflow | expense | Mobile Provider | Monthly phone bill
Faris Mahmood,FMS0005,2025-10-19,gift_income,$500.00,inflow,income,Family Member,Personal gift,FM_CHQ_PERSONAL,personal,posted,,,,,,2025-10-19 | gift_income | 500.00 | inflow | income | Family Member | Personal gift
Faris Mahmood,FMR000270,2025-10-20,rental_income,"$1,683.38",inflow,income,Tenant,Residential rent payment,FM_CHQ_PERSONAL,personal,posted,,,,,,2025-10-20 | rental_income | 1683.38 | inflow | income | Tenant | Residential rent payment
Faris Mahmood,FMR000460,2025-10-22,business_sale_income,$105.72,inflow,income,Online Customer,Ordinary permissible product sale,FM_CHQ_BUSINESS,business,posted,,,,,,2025-10-22 | business_sale_income | 105.72 | inflow | income | Online Customer | Ordinary permissible product sale
Faris Mahmood,FMS0006,2025-10-22,tip_income,$85.00,inflow,income,Customer Tips,Tips received for permissible work,FM_CHQ_PERSONAL,personal,posted,,,,,,2025-10-22 | tip_income | 85.00 | inflow | income | Customer Tips | Tips received for permissible work
Faris Mahmood,FMR000121,2025-10-23,restaurant_meal,$55.26,outflow,expense,Local Restaurant,Restaurant meal,FM_VISA_PERSONAL,personal,posted,,,,,,2025-10-23 | restaurant_meal | 55.26 | outflow | expense | Local Restaurant | Restaurant meal
Faris Mahmood,FMR000250,2025-10-23,rental_income,"$1,518.56",inflow,income,Tenant,Residential rent payment,FM_CHQ_PERSONAL,personal,posted,,,,,,2025-10-23 | rental_income | 1518.56 | inflow | income | Tenant | Residential rent payment
Faris Mahmood,FMR000339,2025-10-23,phone_bill,$105.63,outflow,expense,Mobile Provider,Monthly phone bill,FM_VISA_PERSONAL,personal,posted,,,,,,2025-10-23 | phone_bill | 105.63 | outflow | expense | Mobile Provider | Monthly phone bill
Faris Mahmood,FMR000388,2025-10-23,software_subscription,$16.01,outflow,expense,Software Vendor,Software subscription,FM_CHQ_BUSINESS,business,posted,,,,,,2025-10-23 | software_subscription | 16.01 | outflow | expense | Software Vendor | Software subscription
Faris Mahmood,FMR000051,2025-10-24,business_supplies,$117.16,outflow,expense,Office Supplier,Business supplies purchase,FM_CHQ_BUSINESS,business,posted,,,,,,2025-10-24 | business_supplies | 117.16 | outflow | expense | Office Supplier | Business supplies purchase
Faris Mahmood,FMR000445,2025-10-24,restaurant_meal,$40.15,outflow,expense,Local Restaurant,Restaurant meal,FM_VISA_PERSONAL,personal,posted,,,,,,2025-10-24 | restaurant_meal | 40.15 | outflow | expense | Local Restaurant | Restaurant meal
Faris Mahmood,FMR000350,2025-10-25,transportation,$63.59,outflow,expense,Transit / Fuel,Transportation expense,FM_VISA_PERSONAL,personal,posted,,,,,,2025-10-25 | transportation | 63.59 | outflow | expense | Transit / Fuel | Transportation expense
Faris Mahmood,FMR000031,2025-10-26,business_advertising,$191.94,outflow,expense,Ad Platform,Business advertising expense,FM_CHQ_BUSINESS,business,posted,,,,,,2025-10-26 | business_advertising | 191.94 | outflow | expense | Ad Platform | Business advertising expense
Faris Mahmood,FMR000498,2025-10-26,software_subscription,$45.47,outflow,expense,Software Vendor,Software subscription,FM_CHQ_BUSINESS,business,posted,,,,,,2025-10-26 | software_subscription | 45.47 | outflow | expense | Software Vendor | Software subscription
Faris Mahmood,FMR000520,2025-10-26,business_advertising,$92.49,outflow,expense,Ad Platform,Business advertising expense,FM_CHQ_BUSINESS,business,posted,,,,,,2025-10-26 | business_advertising | 92.49 | outflow | expense | Ad Platform | Business advertising expense
Faris Mahmood,FMR000524,2025-10-26,rental_income,$724.32,inflow,income,Tenant,Residential rent payment,FM_CHQ_PERSONAL,personal,posted,,,,,,2025-10-26 | rental_income | 724.32 | inflow | income | Tenant | Residential rent payment
Faris Mahmood,FMR000090,2025-10-27,business_advertising,$41.47,outflow,expense,Ad Platform,Business advertising expense,FM_CHQ_BUSINESS,business,posted,,,,,,2025-10-27 | business_advertising | 41.47 | outflow | expense | Ad Platform | Business advertising expense
Faris Mahmood,FMR000438,2025-10-27,transportation,$19.82,outflow,expense,Transit / Fuel,Transportation expense,FM_VISA_PERSONAL,personal,posted,,,,,,2025-10-27 | transportation | 19.82 | outflow | expense | Transit / Fuel | Transportation expense
Faris Mahmood,FMR000003,2025-10-28,salary_income,"$3,550.00",inflow,income,Employer Payroll,Monthly employment salary,FM_CHQ_PERSONAL,personal,posted,,,,,,2025-10-28 | salary_income | 3550.00 | inflow | income | Employer Payroll | Monthly employment salary
Faris Mahmood,FMR000306,2025-10-29,software_subscription,$75.82,outflow,expense,Software Vendor,Software subscription,FM_CHQ_BUSINESS,business,posted,,,,,,2025-10-29 | software_subscription | 75.82 | outflow | expense | Software Vendor | Software subscription
Faris Mahmood,FMR000469,2025-10-29,personal_spending,$123.56,outflow,expense,Retail Store,Personal spending,FM_VISA_PERSONAL,personal,posted,,,,,,2025-10-29 | personal_spending | 123.56 | outflow | expense | Retail Store | Personal spending
Faris Mahmood,FMR000532,2025-10-30,groceries,$37.94,outflow,expense,Local Grocer,Household grocery purchase,FM_VISA_PERSONAL,personal,posted,,,,,,2025-10-30 | groceries | 37.94 | outflow | expense | Local Grocer | Household grocery purchase
Faris Mahmood,FMR000018,2025-10-31,freelance_income,$867.86,inflow,income,Freelance Client,Freelance professional work payment,FM_CHQ_PERSONAL,personal,posted,,,,,,2025-10-31 | freelance_income | 867.86 | inflow | income | Freelance Client | Freelance professional work payment
Faris Mahmood,FMR000382,2025-10-31,software_subscription,$19.95,outflow,expense,Software Vendor,Software subscription,FM_CHQ_BUSINESS,business,posted,,,,,,2025-10-31 | software_subscription | 19.95 | outflow | expense | Software Vendor | Software subscription
Faris Mahmood,FMR000261,2025-11-01,restaurant_meal,$84.41,outflow,expense,Local Restaurant,Restaurant meal,FM_VISA_PERSONAL,personal,posted,,,,,,2025-11-01 | restaurant_meal | 84.41 | outflow | expense | Local Restaurant | Restaurant meal
Faris Mahmood,FMR000395,2025-11-02,phone_bill,$58.36,outflow,expense,Mobile Provider,Monthly phone bill,FM_VISA_PERSONAL,personal,posted,,,,,,2025-11-02 | phone_bill | 58.36 | outflow | expense | Mobile Provider | Monthly phone bill
Faris Mahmood,FMR000502,2025-11-02,phone_bill,$65.80,outflow,expense,Mobile Provider,Monthly phone bill,FM_VISA_PERSONAL,personal,posted,,,,,,2025-11-02 | phone_bill | 65.80 | outflow | expense | Mobile Provider | Monthly phone bill
Faris Mahmood,FMR000155,2025-11-03,business_advertising,$139.87,outflow,expense,Ad Platform,Business advertising expense,FM_CHQ_BUSINESS,business,posted,,,,,,2025-11-03 | business_advertising | 139.87 | outflow | expense | Ad Platform | Business advertising expense
Faris Mahmood,FMR000324,2025-11-03,groceries,$96.89,outflow,expense,Local Grocer,Household grocery purchase,FM_VISA_PERSONAL,personal,posted,,,,,,2025-11-03 | groceries | 96.89 | outflow | expense | Local Grocer | Household grocery purchase
Faris Mahmood,FMR000427,2025-11-03,rental_income,$735.44,inflow,income,Tenant,Residential rent payment,FM_CHQ_PERSONAL,personal,posted,,,,,,2025-11-03 | rental_income | 735.44 | inflow | income | Tenant | Residential rent payment
Faris Mahmood,FMR000470,2025-11-03,business_supplies,$85.84,outflow,expense,Office Supplier,Business supplies purchase,FM_CHQ_BUSINESS,business,posted,,,,,,2025-11-03 | business_supplies | 85.84 | outflow | expense | Office Supplier | Business supplies purchase
Faris Mahmood,FMR000528,2025-11-04,phone_bill,$89.97,outflow,expense,Mobile Provider,Monthly phone bill,FM_VISA_PERSONAL,personal,posted,,,,,,2025-11-04 | phone_bill | 89.97 | outflow | expense | Mobile Provider | Monthly phone bill
Faris Mahmood,FMR000601,2025-11-04,transportation,$97.41,outflow,expense,Transit / Fuel,Transportation expense,FM_VISA_PERSONAL,personal,posted,,,,,,2025-11-04 | transportation | 97.41 | outflow | expense | Transit / Fuel | Transportation expense
Faris Mahmood,FMS0007,2025-11-04,content_revenue_income,$430.00,inflow,income,Video Platform,Advertising revenue from educational content,FM_CHQ_PERSONAL,personal,posted,,,,,,2025-11-04 | content_revenue_income | 430.00 | inflow | income | Video Platform | Advertising revenue from educational content
Faris Mahmood,FMR000362,2025-11-06,restaurant_meal,$58.45,outflow,expense,Local Restaurant,Restaurant meal,FM_VISA_PERSONAL,personal,posted,,,,,,2025-11-06 | restaurant_meal | 58.45 | outflow | expense | Local Restaurant | Restaurant meal
Faris Mahmood,FMR000164,2025-11-07,business_sale_income,$34.74,inflow,income,Online Customer,Ordinary permissible product sale,FM_CHQ_BUSINESS,business,posted,,,,,,2025-11-07 | business_sale_income | 34.74 | inflow | income | Online Customer | Ordinary permissible product sale
Faris Mahmood,FMR000241,2025-11-07,phone_bill,$73.01,outflow,expense,Mobile Provider,Monthly phone bill,FM_VISA_PERSONAL,personal,posted,,,,,,2025-11-07 | phone_bill | 73.01 | outflow | expense | Mobile Provider | Monthly phone bill
Faris Mahmood,FMR000368,2025-11-07,groceries,$152.54,outflow,expense,Local Grocer,Household grocery purchase,FM_VISA_PERSONAL,personal,posted,,,,,,2025-11-07 | groceries | 152.54 | outflow | expense | Local Grocer | Household grocery purchase
Faris Mahmood,FMH002,2025-11-08,alcohol_sales_income,$640.00,inflow,income,Event Bar Sales,Income from direct alcohol sales,FM_CHQ_BUSINESS,business,posted,,,,,,2025-11-08 | alcohol_sales_income | 640.00 | inflow | income | Event Bar Sales | Income from direct alcohol sales
Faris Mahmood,FMR000022,2025-11-08,business_advertising,$217.96,outflow,expense,Ad Platform,Business advertising expense,FM_CHQ_BUSINESS,business,posted,,,,,,2025-11-08 | business_advertising | 217.96 | outflow | expense | Ad Platform | Business advertising expense
Faris Mahmood,FMR000400,2025-11-09,business_sale_income,$31.41,inflow,income,Online Customer,Ordinary permissible product sale,FM_CHQ_BUSINESS,business,posted,,,,,,2025-11-09 | business_sale_income | 31.41 | inflow | income | Online Customer | Ordinary permissible product sale
Faris Mahmood,FMR000449,2025-11-09,transportation,$12.61,outflow,expense,Transit / Fuel,Transportation expense,FM_VISA_PERSONAL,personal,posted,,,,,,2025-11-09 | transportation | 12.61 | outflow | expense | Transit / Fuel | Transportation expense
Faris Mahmood,FMR000231,2025-11-10,electricity_bill,$74.65,outflow,expense,Electric Utility,Monthly electricity bill,FM_VISA_PERSONAL,personal,posted,,,,,,2025-11-10 | electricity_bill | 74.65 | outflow | expense | Electric Utility | Monthly electricity bill
Faris Mahmood,FMR000366,2025-11-10,software_subscription,$85.70,outflow,expense,Software Vendor,Software subscription,FM_CHQ_BUSINESS,business,posted,,,,,,2025-11-10 | software_subscription | 85.70 | outflow | expense | Software Vendor | Software subscription
Faris Mahmood,FMR000416,2025-11-10,electricity_bill,$125.24,outflow,expense,Electric Utility,Monthly electricity bill,FM_VISA_PERSONAL,personal,posted,,,,,,2025-11-10 | electricity_bill | 125.24 | outflow | expense | Electric Utility | Monthly electricity bill
Faris Mahmood,FMR000428,2025-11-10,business_advertising,$23.02,outflow,expense,Ad Platform,Business advertising expense,FM_CHQ_BUSINESS,business,posted,,,,,,2025-11-10 | business_advertising | 23.02 | outflow | expense | Ad Platform | Business advertising expense
Faris Mahmood,FMR000190,2025-11-11,business_sale_income,$90.22,inflow,income,Online Customer,Ordinary permissible product sale,FM_CHQ_BUSINESS,business,posted,,,,,,2025-11-11 | business_sale_income | 90.22 | inflow | income | Online Customer | Ordinary permissible product sale
Faris Mahmood,FMR000179,2025-11-12,business_supplies,$195.68,outflow,expense,Office Supplier,Business supplies purchase,FM_CHQ_BUSINESS,business,posted,,,,,,2025-11-12 | business_supplies | 195.68 | outflow | expense | Office Supplier | Business supplies purchase
Faris Mahmood,FMR000454,2025-11-12,business_advertising,$138.66,outflow,expense,Ad Platform,Business advertising expense,FM_CHQ_BUSINESS,business,posted,,,,,,2025-11-12 | business_advertising | 138.66 | outflow | expense | Ad Platform | Business advertising expense
Faris Mahmood,FMS0008,2025-11-12,commission_income,$310.00,inflow,income,Home Services Partner,Commission for referring a home-repair customer,FM_CHQ_PERSONAL,personal,posted,,,,,,2025-11-12 | commission_income | 310.00 | inflow | income | Home Services Partner | Commission for referring a home-repair customer
Faris Mahmood,FMR000037,2025-11-13,freelance_income,$695.33,inflow,income,Freelance Client,Freelance professional work payment,FM_CHQ_PERSONAL,personal,posted,,,,,,2025-11-13 | freelance_income | 695.33 | inflow | income | Freelance Client | Freelance professional work payment
Faris Mahmood,FMR000354,2025-11-14,personal_spending,$109.31,outflow,expense,Retail Store,Personal spending,FM_VISA_PERSONAL,personal,posted,,,,,,2025-11-14 | personal_spending | 109.31 | outflow | expense | Retail Store | Personal spending
Faris Mahmood,FMR000365,2025-11-14,electricity_bill,$120.32,outflow,expense,Electric Utility,Monthly electricity bill,FM_VISA_PERSONAL,personal,posted,,,,,,2025-11-14 | electricity_bill | 120.32 | outflow | expense | Electric Utility | Monthly electricity bill
Faris Mahmood,FMR000191,2025-11-15,personal_spending,$127.35,outflow,expense,Retail Store,Personal spending,FM_VISA_PERSONAL,personal,posted,,,,,,2025-11-15 | personal_spending | 127.35 | outflow | expense | Retail Store | Personal spending
Faris Mahmood,FMR000289,2025-11-16,tip_income,$38.50,inflow,income,Customer Tips,Tips from permissible work,FM_CHQ_PERSONAL,personal,posted,,,,,,2025-11-16 | tip_income | 38.50 | inflow | income | Customer Tips | Tips from permissible work
Faris Mahmood,FMR000269,2025-11-17,business_supplies,$24.93,outflow,expense,Office Supplier,Business supplies purchase,FM_CHQ_BUSINESS,business,posted,,,,,,2025-11-17 | business_supplies | 24.93 | outflow | expense | Office Supplier | Business supplies purchase
Faris Mahmood,FMR000165,2025-11-18,electricity_bill,$158.73,outflow,expense,Electric Utility,Monthly electricity bill,FM_VISA_PERSONAL,personal,posted,,,,,,2025-11-18 | electricity_bill | 158.73 | outflow | expense | Electric Utility | Monthly electricity bill
Faris Mahmood,FMR000267,2025-11-18,transportation,$21.12,outflow,expense,Transit / Fuel,Transportation expense,FM_VISA_PERSONAL,personal,posted,,,,,,2025-11-18 | transportation | 21.12 | outflow | expense | Transit / Fuel | Transportation expense
Faris Mahmood,FMR000329,2025-11-18,business_sale_income,$53.72,inflow,income,Online Customer,Ordinary permissible product sale,FM_CHQ_BUSINESS,business,posted,,,,,,2025-11-18 | business_sale_income | 53.72 | inflow | income | Online Customer | Ordinary permissible product sale
Faris Mahmood,FMR000073,2025-11-20,restaurant_meal,$16.67,outflow,expense,Local Restaurant,Restaurant meal,FM_VISA_PERSONAL,personal,posted,,,,,,2025-11-20 | restaurant_meal | 16.67 | outflow | expense | Local Restaurant | Restaurant meal
Faris Mahmood,FMR000391,2025-11-20,tip_income,$96.34,inflow,income,Customer Tips,Tips from permissible work,FM_CHQ_PERSONAL,personal,posted,,,,,,2025-11-20 | tip_income | 96.34 | inflow | income | Customer Tips | Tips from permissible work
Faris Mahmood,FMR000401,2025-11-20,transportation,$101.06,outflow,expense,Transit / Fuel,Transportation expense,FM_VISA_PERSONAL,personal,posted,,,,,,2025-11-20 | transportation | 101.06 | outflow | expense | Transit / Fuel | Transportation expense
Faris Mahmood,FMS0009,2025-11-20,interest_income,$42.18,inflow,income,Bank,Interest credited to savings account,FM_SAVINGS,personal,posted,,,,,,2025-11-20 | interest_income | 42.18 | inflow | income | Bank | Interest credited to savings account
Faris Mahmood,FMR000110,2025-11-21,phone_bill,$110.56,outflow,expense,Mobile Provider,Monthly phone bill,FM_VISA_PERSONAL,personal,posted,,,,,,2025-11-21 | phone_bill | 110.56 | outflow | expense | Mobile Provider | Monthly phone bill
Faris Mahmood,FMR000377,2025-11-22,business_sale_income,$144.48,inflow,income,Online Customer,Ordinary permissible product sale,FM_CHQ_BUSINESS,business,posted,,,,,,2025-11-22 | business_sale_income | 144.48 | inflow | income | Online Customer | Ordinary permissible product sale
Faris Mahmood,FMR000396,2025-11-22,phone_bill,$93.87,outflow,expense,Mobile Provider,Monthly phone bill,FM_VISA_PERSONAL,personal,posted,,,,,,2025-11-22 | phone_bill | 93.87 | outflow | expense | Mobile Provider | Monthly phone bill
Faris Mahmood,FMR000127,2025-11-23,phone_bill,$114.83,outflow,expense,Mobile Provider,Monthly phone bill,FM_VISA_PERSONAL,personal,posted,,,,,,2025-11-23 | phone_bill | 114.83 | outflow | expense | Mobile Provider | Monthly phone bill
Faris Mahmood,FMR000242,2025-11-23,transportation,$37.50,outflow,expense,Transit / Fuel,Transportation expense,FM_VISA_PERSONAL,personal,posted,,,,,,2025-11-23 | transportation | 37.50 | outflow | expense | Transit / Fuel | Transportation expense
Faris Mahmood,FMR000421,2025-11-23,transportation,$24.97,outflow,expense,Transit / Fuel,Transportation expense,FM_VISA_PERSONAL,personal,posted,,,,,,2025-11-23 | transportation | 24.97 | outflow | expense | Transit / Fuel | Transportation expense
Faris Mahmood,FMR000106,2025-11-24,groceries,$96.05,outflow,expense,Local Grocer,Household grocery purchase,FM_VISA_PERSONAL,personal,posted,,,,,,2025-11-24 | groceries | 96.05 | outflow | expense | Local Grocer | Household grocery purchase
Faris Mahmood,FMR000423,2025-11-24,tip_income,$47.79,inflow,income,Customer Tips,Tips from permissible work,FM_CHQ_PERSONAL,personal,posted,,,,,,2025-11-24 | tip_income | 47.79 | inflow | income | Customer Tips | Tips from permissible work
Faris Mahmood,FMR000384,2025-11-26,tip_income,$111.96,inflow,income,Customer Tips,Tips from permissible work,FM_CHQ_PERSONAL,personal,posted,,,,,,2025-11-26 | tip_income | 111.96 | inflow | income | Customer Tips | Tips from permissible work
Faris Mahmood,FMR000573,2025-11-26,transportation,$51.01,outflow,expense,Transit / Fuel,Transportation expense,FM_VISA_PERSONAL,personal,posted,,,,,,2025-11-26 | transportation | 51.01 | outflow | expense | Transit / Fuel | Transportation expense
Faris Mahmood,FMR000004,2025-11-27,salary_income,"$3,550.00",inflow,income,Employer Payroll,Monthly employment salary,FM_CHQ_PERSONAL,personal,posted,,,,,,2025-11-27 | salary_income | 3550.00 | inflow | income | Employer Payroll | Monthly employment salary
Faris Mahmood,FMR000162,2025-11-27,business_supplies,$80.96,outflow,expense,Office Supplier,Business supplies purchase,FM_CHQ_BUSINESS,business,posted,,,,,,2025-11-27 | business_supplies | 80.96 | outflow | expense | Office Supplier | Business supplies purchase
Faris Mahmood,FMR000323,2025-11-27,business_advertising,$192.54,outflow,expense,Ad Platform,Business advertising expense,FM_CHQ_BUSINESS,business,posted,,,,,,2025-11-27 | business_advertising | 192.54 | outflow | expense | Ad Platform | Business advertising expense
Faris Mahmood,FMR000060,2025-11-28,freelance_income,$484.62,inflow,income,Freelance Client,Freelance professional work payment,FM_CHQ_PERSONAL,personal,posted,,,,,,2025-11-28 | freelance_income | 484.62 | inflow | income | Freelance Client | Freelance professional work payment
Faris Mahmood,FMR000422,2025-11-28,business_advertising,$35.71,outflow,expense,Ad Platform,Business advertising expense,FM_CHQ_BUSINESS,business,posted,,,,,,2025-11-28 | business_advertising | 35.71 | outflow | expense | Ad Platform | Business advertising expense
Faris Mahmood,FMR000473,2025-11-29,electricity_bill,$87.36,outflow,expense,Electric Utility,Monthly electricity bill,FM_VISA_PERSONAL,personal,posted,,,,,,2025-11-29 | electricity_bill | 87.36 | outflow | expense | Electric Utility | Monthly electricity bill
Faris Mahmood,FMR000380,2025-11-30,transportation,$59.05,outflow,expense,Transit / Fuel,Transportation expense,FM_VISA_PERSONAL,personal,posted,,,,,,2025-11-30 | transportation | 59.05 | outflow | expense | Transit / Fuel | Transportation expense
Faris Mahmood,FMR000311,2025-12-01,restaurant_meal,$45.10,outflow,expense,Local Restaurant,Restaurant meal,FM_VISA_PERSONAL,personal,posted,,,,,,2025-12-01 | restaurant_meal | 45.10 | outflow | expense | Local Restaurant | Restaurant meal
Faris Mahmood,FMR000374,2025-12-01,phone_bill,$109.69,outflow,expense,Mobile Provider,Monthly phone bill,FM_VISA_PERSONAL,personal,posted,,,,,,2025-12-01 | phone_bill | 109.69 | outflow | expense | Mobile Provider | Monthly phone bill
Faris Mahmood,FMR000591,2025-12-01,phone_bill,$47.89,outflow,expense,Mobile Provider,Monthly phone bill,FM_VISA_PERSONAL,personal,posted,,,,,,2025-12-01 | phone_bill | 47.89 | outflow | expense | Mobile Provider | Monthly phone bill
Faris Mahmood,FMR000062,2025-12-02,business_supplies,$203.16,outflow,expense,Office Supplier,Business supplies purchase,FM_CHQ_BUSINESS,business,posted,,,,,,2025-12-02 | business_supplies | 203.16 | outflow | expense | Office Supplier | Business supplies purchase
Faris Mahmood,FMR000035,2025-12-03,personal_spending,$149.22,outflow,expense,Retail Store,Personal spending,FM_VISA_PERSONAL,personal,posted,,,,,,2025-12-03 | personal_spending | 149.22 | outflow | expense | Retail Store | Personal spending
Faris Mahmood,FMS0010,2025-12-03,gambling_income,$275.00,inflow,income,Online Betting Site,Sports betting winnings,FM_CHQ_PERSONAL,personal,posted,,,,,,2025-12-03 | gambling_income | 275.00 | inflow | income | Online Betting Site | Sports betting winnings
Faris Mahmood,FMR000088,2025-12-04,restaurant_meal,$85.62,outflow,expense,Local Restaurant,Restaurant meal,FM_VISA_PERSONAL,personal,posted,,,,,,2025-12-04 | restaurant_meal | 85.62 | outflow | expense | Local Restaurant | Restaurant meal
Faris Mahmood,FMR000392,2025-12-04,transportation,$81.27,outflow,expense,Transit / Fuel,Transportation expense,FM_VISA_PERSONAL,personal,posted,,,,,,2025-12-04 | transportation | 81.27 | outflow | expense | Transit / Fuel | Transportation expense
Faris Mahmood,FMR000173,2025-12-05,business_advertising,$56.95,outflow,expense,Ad Platform,Business advertising expense,FM_CHQ_BUSINESS,business,posted,,,,,,2025-12-05 | business_advertising | 56.95 | outflow | expense | Ad Platform | Business advertising expense
Faris Mahmood,FMR000128,2025-12-06,transportation,$75.86,outflow,expense,Transit / Fuel,Transportation expense,FM_VISA_PERSONAL,personal,posted,,,,,,2025-12-06 | transportation | 75.86 | outflow | expense | Transit / Fuel | Transportation expense
Faris Mahmood,FMR000568,2025-12-06,electricity_bill,$87.93,outflow,expense,Electric Utility,Monthly electricity bill,FM_VISA_PERSONAL,personal,posted,,,,,,2025-12-06 | electricity_bill | 87.93 | outflow | expense | Electric Utility | Monthly electricity bill
Faris Mahmood,FMR000092,2025-12-07,restaurant_meal,$71.19,outflow,expense,Local Restaurant,Restaurant meal,FM_VISA_PERSONAL,personal,posted,,,,,,2025-12-07 | restaurant_meal | 71.19 | outflow | expense | Local Restaurant | Restaurant meal
Faris Mahmood,FMR000208,2025-12-08,personal_spending,$30.63,outflow,expense,Retail Store,Personal spending,FM_VISA_PERSONAL,personal,posted,,,,,,2025-12-08 | personal_spending | 30.63 | outflow | expense | Retail Store | Personal spending
Faris Mahmood,FMR000332,2025-12-09,personal_spending,$20.94,outflow,expense,Retail Store,Personal spending,FM_VISA_PERSONAL,personal,posted,,,,,,2025-12-09 | personal_spending | 20.94 | outflow | expense | Retail Store | Personal spending
Faris Mahmood,FMR000461,2025-12-09,personal_spending,$55.11,outflow,expense,Retail Store,Personal spending,FM_VISA_PERSONAL,personal,posted,,,,,,2025-12-09 | personal_spending | 55.11 | outflow | expense | Retail Store | Personal spending
Faris Mahmood,FMR000264,2025-12-11,business_supplies,$90.57,outflow,expense,Office Supplier,Business supplies purchase,FM_CHQ_BUSINESS,business,posted,,,,,,2025-12-11 | business_supplies | 90.57 | outflow | expense | Office Supplier | Business supplies purchase
Faris Mahmood,FMR000577,2025-12-11,restaurant_meal,$87.55,outflow,expense,Local Restaurant,Restaurant meal,FM_VISA_PERSONAL,personal,posted,,,,,,2025-12-11 | restaurant_meal | 87.55 | outflow | expense | Local Restaurant | Restaurant meal
Faris Mahmood,FMR000342,2025-12-12,rental_income,$984.70,inflow,income,Tenant,Residential rent payment,FM_CHQ_PERSONAL,personal,posted,,,,,,2025-12-12 | rental_income | 984.70 | inflow | income | Tenant | Residential rent payment
Faris Mahmood,FMR000429,2025-12-12,rental_income,"$1,693.30",inflow,income,Tenant,Residential rent payment,FM_CHQ_PERSONAL,personal,posted,,,,,,2025-12-12 | rental_income | 1693.30 | inflow | income | Tenant | Residential rent payment
Faris Mahmood,FMR000526,2025-12-12,business_supplies,$203.82,outflow,expense,Office Supplier,Business supplies purchase,FM_CHQ_BUSINESS,business,posted,,,,,,2025-12-12 | business_supplies | 203.82 | outflow | expense | Office Supplier | Business supplies purchase
Faris Mahmood,FMR000585,2025-12-12,business_advertising,$27.98,outflow,expense,Ad Platform,Business advertising expense,FM_CHQ_BUSINESS,business,posted,,,,,,2025-12-12 | business_advertising | 27.98 | outflow | expense | Ad Platform | Business advertising expense
Faris Mahmood,FMR000030,2025-12-13,tip_income,$76.73,inflow,income,Customer Tips,Tips from permissible work,FM_CHQ_PERSONAL,personal,posted,,,,,,2025-12-13 | tip_income | 76.73 | inflow | income | Customer Tips | Tips from permissible work
Faris Mahmood,FMR000294,2025-12-13,electricity_bill,$165.49,outflow,expense,Electric Utility,Monthly electricity bill,FM_VISA_PERSONAL,personal,posted,,,,,,2025-12-13 | electricity_bill | 165.49 | outflow | expense | Electric Utility | Monthly electricity bill
Faris Mahmood,FMR000089,2025-12-14,groceries,$168.03,outflow,expense,Local Grocer,Household grocery purchase,FM_VISA_PERSONAL,personal,posted,,,,,,2025-12-14 | groceries | 168.03 | outflow | expense | Local Grocer | Household grocery purchase
Faris Mahmood,FMR000199,2025-12-14,groceries,$115.46,outflow,expense,Local Grocer,Household grocery purchase,FM_VISA_PERSONAL,personal,posted,,,,,,2025-12-14 | groceries | 115.46 | outflow | expense | Local Grocer | Household grocery purchase
Faris Mahmood,FMR000259,2025-12-14,groceries,$44.99,outflow,expense,Local Grocer,Household grocery purchase,FM_VISA_PERSONAL,personal,posted,,,,,,2025-12-14 | groceries | 44.99 | outflow | expense | Local Grocer | Household grocery purchase
Faris Mahmood,FMS0011,2025-12-14,prohibited_product_commission,$190.00,inflow,income,Vape Retailer,Commission from vape-product sales,FM_CHQ_PERSONAL,personal,posted,,,,,,2025-12-14 | prohibited_product_commission | 190.00 | inflow | income | Vape Retailer | Commission from vape-product sales
Faris Mahmood,FMR000049,2025-12-17,tip_income,$50.53,inflow,income,Customer Tips,Tips from permissible work,FM_CHQ_PERSONAL,personal,posted,,,,,,2025-12-17 | tip_income | 50.53 | inflow | income | Customer Tips | Tips from permissible work
Faris Mahmood,FMR000224,2025-12-17,personal_spending,$30.72,outflow,expense,Retail Store,Personal spending,FM_VISA_PERSONAL,personal,posted,,,,,,2025-12-17 | personal_spending | 30.72 | outflow | expense | Retail Store | Personal spending
Faris Mahmood,FMR000305,2025-12-18,rental_income,"$1,061.62",inflow,income,Tenant,Residential rent payment,FM_CHQ_PERSONAL,personal,posted,,,,,,2025-12-18 | rental_income | 1061.62 | inflow | income | Tenant | Residential rent payment
Faris Mahmood,FMR000330,2025-12-18,business_supplies,$150.10,outflow,expense,Office Supplier,Business supplies purchase,FM_CHQ_BUSINESS,business,posted,,,,,,2025-12-18 | business_supplies | 150.10 | outflow | expense | Office Supplier | Business supplies purchase
Faris Mahmood,FMR000091,2025-12-19,transportation,$91.58,outflow,expense,Transit / Fuel,Transportation expense,FM_VISA_PERSONAL,personal,posted,,,,,,2025-12-19 | transportation | 91.58 | outflow | expense | Transit / Fuel | Transportation expense
Faris Mahmood,FMR000308,2025-12-19,electricity_bill,$179.69,outflow,expense,Electric Utility,Monthly electricity bill,FM_VISA_PERSONAL,personal,posted,,,,,,2025-12-19 | electricity_bill | 179.69 | outflow | expense | Electric Utility | Monthly electricity bill
Faris Mahmood,FMR000425,2025-12-19,electricity_bill,$151.05,outflow,expense,Electric Utility,Monthly electricity bill,FM_VISA_PERSONAL,personal,posted,,,,,,2025-12-19 | electricity_bill | 151.05 | outflow | expense | Electric Utility | Monthly electricity bill
Faris Mahmood,FMR000603,2025-12-20,rental_income,"$1,756.75",inflow,income,Tenant,Residential rent payment,FM_CHQ_PERSONAL,personal,posted,,,,,,2025-12-20 | rental_income | 1756.75 | inflow | income | Tenant | Residential rent payment
Faris Mahmood,FMR000399,2025-12-21,rental_income,"$1,143.31",inflow,income,Tenant,Residential rent payment,FM_CHQ_PERSONAL,personal,posted,,,,,,2025-12-21 | rental_income | 1143.31 | inflow | income | Tenant | Residential rent payment
Faris Mahmood,FMR000039,2025-12-22,freelance_income,$574.91,inflow,income,Freelance Client,Freelance professional work payment,FM_CHQ_PERSONAL,personal,posted,,,,,,2025-12-22 | freelance_income | 574.91 | inflow | income | Freelance Client | Freelance professional work payment
Faris Mahmood,FMR000244,2025-12-22,freelance_income,$119.25,inflow,income,Freelance Client,Freelance professional work payment,FM_CHQ_PERSONAL,personal,posted,,,,,,2025-12-22 | freelance_income | 119.25 | inflow | income | Freelance Client | Freelance professional work payment
Faris Mahmood,FMR000248,2025-12-23,rental_income,$697.24,inflow,income,Tenant,Residential rent payment,FM_CHQ_PERSONAL,personal,posted,,,,,,2025-12-23 | rental_income | 697.24 | inflow | income | Tenant | Residential rent payment
Faris Mahmood,FMR000331,2025-12-25,freelance_income,$386.92,inflow,income,Freelance Client,Freelance professional work payment,FM_CHQ_PERSONAL,personal,posted,,,,,,2025-12-25 | freelance_income | 386.92 | inflow | income | Freelance Client | Freelance professional work payment
Faris Mahmood,FMR000605,2025-12-25,restaurant_meal,$87.08,outflow,expense,Local Restaurant,Restaurant meal,FM_VISA_PERSONAL,personal,posted,,,,,,2025-12-25 | restaurant_meal | 87.08 | outflow | expense | Local Restaurant | Restaurant meal
Faris Mahmood,FMR000353,2025-12-26,electricity_bill,$180.54,outflow,expense,Electric Utility,Monthly electricity bill,FM_VISA_PERSONAL,personal,posted,,,,,,2025-12-26 | electricity_bill | 180.54 | outflow | expense | Electric Utility | Monthly electricity bill
Faris Mahmood,FMR000511,2025-12-26,transportation,$54.71,outflow,expense,Transit / Fuel,Transportation expense,FM_VISA_PERSONAL,personal,posted,,,,,,2025-12-26 | transportation | 54.71 | outflow | expense | Transit / Fuel | Transportation expense
Faris Mahmood,FMR000005,2025-12-27,salary_income,"$3,550.00",inflow,income,Employer Payroll,Monthly employment salary,FM_CHQ_PERSONAL,personal,posted,,,,,,2025-12-27 | salary_income | 3550.00 | inflow | income | Employer Payroll | Monthly employment salary
Faris Mahmood,FMR000257,2025-12-27,personal_spending,$175.92,outflow,expense,Retail Store,Personal spending,FM_VISA_PERSONAL,personal,posted,,,,,,2025-12-27 | personal_spending | 175.92 | outflow | expense | Retail Store | Personal spending
Faris Mahmood,FMR000327,2025-12-27,business_supplies,$102.51,outflow,expense,Office Supplier,Business supplies purchase,FM_CHQ_BUSINESS,business,posted,,,,,,2025-12-27 | business_supplies | 102.51 | outflow | expense | Office Supplier | Business supplies purchase
Faris Mahmood,FMR000130,2025-12-28,transportation,$79.90,outflow,expense,Transit / Fuel,Transportation expense,FM_VISA_PERSONAL,personal,posted,,,,,,2025-12-28 | transportation | 79.90 | outflow | expense | Transit / Fuel | Transportation expense
Faris Mahmood,FMR000348,2025-12-28,groceries,$167.96,outflow,expense,Local Grocer,Household grocery purchase,FM_VISA_PERSONAL,personal,posted,,,,,,2025-12-28 | groceries | 167.96 | outflow | expense | Local Grocer | Household grocery purchase
Faris Mahmood,FMR000036,2025-12-30,business_supplies,$146.72,outflow,expense,Office Supplier,Business supplies purchase,FM_CHQ_BUSINESS,business,posted,,,,,,2025-12-30 | business_supplies | 146.72 | outflow | expense | Office Supplier | Business supplies purchase
Faris Mahmood,FMR000118,2025-12-30,transportation,$41.83,outflow,expense,Transit / Fuel,Transportation expense,FM_VISA_PERSONAL,personal,posted,,,,,,2025-12-30 | transportation | 41.83 | outflow | expense | Transit / Fuel | Transportation expense
Faris Mahmood,FMR000437,2025-12-30,rental_income,"$1,692.04",inflow,income,Tenant,Residential rent payment,FM_CHQ_PERSONAL,personal,posted,,,,,,2025-12-30 | rental_income | 1692.04 | inflow | income | Tenant | Residential rent payment
Faris Mahmood,FMR000020,2025-12-31,business_advertising,$148.79,outflow,expense,Ad Platform,Business advertising expense,FM_CHQ_BUSINESS,business,posted,,,,,,2025-12-31 | business_advertising | 148.79 | outflow | expense | Ad Platform | Business advertising expense
Faris Mahmood,FMR000112,2025-12-31,groceries,$176.73,outflow,expense,Local Grocer,Household grocery purchase,FM_VISA_PERSONAL,personal,posted,,,,,,2025-12-31 | groceries | 176.73 | outflow | expense | Local Grocer | Household grocery purchase
Faris Mahmood,FMR000168,2025-12-31,tip_income,$21.52,inflow,income,Customer Tips,Tips from permissible work,FM_CHQ_PERSONAL,personal,posted,,,,,,2025-12-31 | tip_income | 21.52 | inflow | income | Customer Tips | Tips from permissible work
Faris Mahmood,FMR000280,2025-12-31,rental_income,$704.21,inflow,income,Tenant,Residential rent payment,FM_CHQ_PERSONAL,personal,posted,,,,,,2025-12-31 | rental_income | 704.21 | inflow | income | Tenant | Residential rent payment
Faris Mahmood,FMR000341,2025-12-31,transportation,$89.35,outflow,expense,Transit / Fuel,Transportation expense,FM_VISA_PERSONAL,personal,posted,,,,,,2025-12-31 | transportation | 89.35 | outflow | expense | Transit / Fuel | Transportation expense
Faris Mahmood,FMR000491,2026-01-01,freelance_income,$764.88,inflow,income,Freelance Client,Freelance professional work payment,FM_CHQ_PERSONAL,personal,posted,,,,,,2026-01-01 | freelance_income | 764.88 | inflow | income | Freelance Client | Freelance professional work payment
Faris Mahmood,FMR000567,2026-01-01,software_subscription,$27.76,outflow,expense,Software Vendor,Software subscription,FM_CHQ_BUSINESS,business,posted,,,,,,2026-01-01 | software_subscription | 27.76 | outflow | expense | Software Vendor | Software subscription
Faris Mahmood,FMR000251,2026-01-03,transportation,$119.18,outflow,expense,Transit / Fuel,Transportation expense,FM_VISA_PERSONAL,personal,posted,,,,,,2026-01-03 | transportation | 119.18 | outflow | expense | Transit / Fuel | Transportation expense
Faris Mahmood,FMR000556,2026-01-03,software_subscription,$87.59,outflow,expense,Software Vendor,Software subscription,FM_CHQ_BUSINESS,business,posted,,,,,,2026-01-03 | software_subscription | 87.59 | outflow | expense | Software Vendor | Software subscription
Faris Mahmood,FMR000349,2026-01-04,phone_bill,$52.53,outflow,expense,Mobile Provider,Monthly phone bill,FM_VISA_PERSONAL,personal,posted,,,,,,2026-01-04 | phone_bill | 52.53 | outflow | expense | Mobile Provider | Monthly phone bill
Faris Mahmood,FMR000434,2026-01-04,phone_bill,$102.80,outflow,expense,Mobile Provider,Monthly phone bill,FM_VISA_PERSONAL,personal,posted,,,,,,2026-01-04 | phone_bill | 102.80 | outflow | expense | Mobile Provider | Monthly phone bill
Faris Mahmood,FMR000256,2026-01-05,business_advertising,$190.48,outflow,expense,Ad Platform,Business advertising expense,FM_CHQ_BUSINESS,business,posted,,,,,,2026-01-05 | business_advertising | 190.48 | outflow | expense | Ad Platform | Business advertising expense
Faris Mahmood,FMR000535,2026-01-05,restaurant_meal,$20.69,outflow,expense,Local Restaurant,Restaurant meal,FM_VISA_PERSONAL,personal,posted,,,,,,2026-01-05 | restaurant_meal | 20.69 | outflow | expense | Local Restaurant | Restaurant meal
Faris Mahmood,FMR000043,2026-01-06,business_sale_income,$293.90,inflow,income,Online Customer,Ordinary permissible product sale,FM_CHQ_BUSINESS,business,posted,,,,,,2026-01-06 | business_sale_income | 293.90 | inflow | income | Online Customer | Ordinary permissible product sale
Faris Mahmood,FMS0012,2026-01-06,mixed_income_disposed,"$2,000.00",inflow,income,Marketplace Payout,Business payout: 80% permissible sales and 20% prohibited-product sales. Known haram portion was removed/disposed.,FM_CHQ_BUSINESS,business,posted,80,yes,,,,2026-01-06 | mixed_income_disposed | 2000.00 | inflow | income | Marketplace Payout | Business payout: 80% permissible sales and 20% prohibited-product sales. Known haram portion was removed/disposed.
Faris Mahmood,FMR000522,2026-01-07,phone_bill,$58.27,outflow,expense,Mobile Provider,Monthly phone bill,FM_VISA_PERSONAL,personal,posted,,,,,,2026-01-07 | phone_bill | 58.27 | outflow | expense | Mobile Provider | Monthly phone bill
Faris Mahmood,FMR000075,2026-01-08,restaurant_meal,$27.95,outflow,expense,Local Restaurant,Restaurant meal,FM_VISA_PERSONAL,personal,posted,,,,,,2026-01-08 | restaurant_meal | 27.95 | outflow | expense | Local Restaurant | Restaurant meal
Faris Mahmood,FMR000228,2026-01-08,transportation,$75.68,outflow,expense,Transit / Fuel,Transportation expense,FM_VISA_PERSONAL,personal,posted,,,,,,2026-01-08 | transportation | 75.68 | outflow | expense | Transit / Fuel | Transportation expense
Faris Mahmood,FMR000443,2026-01-08,phone_bill,$86.16,outflow,expense,Mobile Provider,Monthly phone bill,FM_VISA_PERSONAL,personal,posted,,,,,,2026-01-08 | phone_bill | 86.16 | outflow | expense | Mobile Provider | Monthly phone bill
Faris Mahmood,FMR000014,2026-01-09,interest_income,$15.30,inflow,income,Bank,Savings account interest credit,FM_SAVINGS,personal,posted,,,,,,2026-01-09 | interest_income | 15.30 | inflow | income | Bank | Savings account interest credit
Faris Mahmood,FMR000056,2026-01-09,freelance_income,$620.57,inflow,income,Freelance Client,Freelance professional work payment,FM_CHQ_PERSONAL,personal,posted,,,,,,2026-01-09 | freelance_income | 620.57 | inflow | income | Freelance Client | Freelance professional work payment
Faris Mahmood,FMR000328,2026-01-09,software_subscription,$32.50,outflow,expense,Software Vendor,Software subscription,FM_CHQ_BUSINESS,business,posted,,,,,,2026-01-09 | software_subscription | 32.50 | outflow | expense | Software Vendor | Software subscription
Faris Mahmood,FMR000571,2026-01-09,software_subscription,$88.41,outflow,expense,Software Vendor,Software subscription,FM_CHQ_BUSINESS,business,posted,,,,,,2026-01-09 | software_subscription | 88.41 | outflow | expense | Software Vendor | Software subscription
Faris Mahmood,FMR000171,2026-01-11,business_supplies,$127.77,outflow,expense,Office Supplier,Business supplies purchase,FM_CHQ_BUSINESS,business,posted,,,,,,2026-01-11 | business_supplies | 127.77 | outflow | expense | Office Supplier | Business supplies purchase
Faris Mahmood,FMR000599,2026-01-11,restaurant_meal,$54.41,outflow,expense,Local Restaurant,Restaurant meal,FM_VISA_PERSONAL,personal,posted,,,,,,2026-01-11 | restaurant_meal | 54.41 | outflow | expense | Local Restaurant | Restaurant meal
Faris Mahmood,FMR000424,2026-01-12,personal_spending,$130.03,outflow,expense,Retail Store,Personal spending,FM_VISA_PERSONAL,personal,posted,,,,,,2026-01-12 | personal_spending | 130.03 | outflow | expense | Retail Store | Personal spending
Faris Mahmood,FMR000569,2026-01-13,rental_income,"$1,188.88",inflow,income,Tenant,Residential rent payment,FM_CHQ_PERSONAL,personal,posted,,,,,,2026-01-13 | rental_income | 1188.88 | inflow | income | Tenant | Residential rent payment
Faris Mahmood,FMR000099,2026-01-14,business_sale_income,$295.53,inflow,income,Online Customer,Ordinary permissible product sale,FM_CHQ_BUSINESS,business,posted,,,,,,2026-01-14 | business_sale_income | 295.53 | inflow | income | Online Customer | Ordinary permissible product sale
Faris Mahmood,FMR000371,2026-01-14,business_advertising,$234.73,outflow,expense,Ad Platform,Business advertising expense,FM_CHQ_BUSINESS,business,posted,,,,,,2026-01-14 | business_advertising | 234.73 | outflow | expense | Ad Platform | Business advertising expense
Faris Mahmood,FMR000146,2026-01-17,tip_income,$13.87,inflow,income,Customer Tips,Tips from permissible work,FM_CHQ_PERSONAL,personal,posted,,,,,,2026-01-17 | tip_income | 13.87 | inflow | income | Customer Tips | Tips from permissible work
Faris Mahmood,FMR000373,2026-01-17,business_supplies,$192.24,outflow,expense,Office Supplier,Business supplies purchase,FM_CHQ_BUSINESS,business,posted,,,,,,2026-01-17 | business_supplies | 192.24 | outflow | expense | Office Supplier | Business supplies purchase
Faris Mahmood,FMH003,2026-01-18,vape_sales_income,$385.00,inflow,income,Vape Product Sales,Income from direct vape-product sales,FM_CHQ_BUSINESS,business,posted,,,,,,2026-01-18 | vape_sales_income | 385.00 | inflow | income | Vape Product Sales | Income from direct vape-product sales
Faris Mahmood,FMR000253,2026-01-18,software_subscription,$21.63,outflow,expense,Software Vendor,Software subscription,FM_CHQ_BUSINESS,business,posted,,,,,,2026-01-18 | software_subscription | 21.63 | outflow | expense | Software Vendor | Software subscription
Faris Mahmood,FMR000201,2026-01-19,restaurant_meal,$88.12,outflow,expense,Local Restaurant,Restaurant meal,FM_VISA_PERSONAL,personal,posted,,,,,,2026-01-19 | restaurant_meal | 88.12 | outflow | expense | Local Restaurant | Restaurant meal
Faris Mahmood,FMR000212,2026-01-21,groceries,$28.13,outflow,expense,Local Grocer,Household grocery purchase,FM_VISA_PERSONAL,personal,posted,,,,,,2026-01-21 | groceries | 28.13 | outflow | expense | Local Grocer | Household grocery purchase
Faris Mahmood,FMR000260,2026-01-21,restaurant_meal,$63.84,outflow,expense,Local Restaurant,Restaurant meal,FM_VISA_PERSONAL,personal,posted,,,,,,2026-01-21 | restaurant_meal | 63.84 | outflow | expense | Local Restaurant | Restaurant meal
Faris Mahmood,FMR000357,2026-01-22,personal_spending,$15.28,outflow,expense,Retail Store,Personal spending,FM_VISA_PERSONAL,personal,posted,,,,,,2026-01-22 | personal_spending | 15.28 | outflow | expense | Retail Store | Personal spending
Faris Mahmood,FMS0013,2026-01-22,mixed_income_retained,"$1,500.00",inflow,income,Marketplace Payout,Business payout: 70% permissible sales and 30% prohibited-product sales. Owner retained the full mixed amount.,FM_CHQ_BUSINESS,business,posted,70,no,,,,2026-01-22 | mixed_income_retained | 1500.00 | inflow | income | Marketplace Payout | Business payout: 70% permissible sales and 30% prohibited-product sales. Owner retained the full mixed amount.
Faris Mahmood,FMR000086,2026-01-24,restaurant_meal,$84.22,outflow,expense,Local Restaurant,Restaurant meal,FM_VISA_PERSONAL,personal,posted,,,,,,2026-01-24 | restaurant_meal | 84.22 | outflow | expense | Local Restaurant | Restaurant meal
Faris Mahmood,FMR000211,2026-01-24,groceries,$175.50,outflow,expense,Local Grocer,Household grocery purchase,FM_VISA_PERSONAL,personal,posted,,,,,,2026-01-24 | groceries | 175.50 | outflow | expense | Local Grocer | Household grocery purchase
Faris Mahmood,FMR000255,2026-01-24,groceries,$148.60,outflow,expense,Local Grocer,Household grocery purchase,FM_VISA_PERSONAL,personal,posted,,,,,,2026-01-24 | groceries | 148.60 | outflow | expense | Local Grocer | Household grocery purchase
Faris Mahmood,FMR000483,2026-01-24,transportation,$111.01,outflow,expense,Transit / Fuel,Transportation expense,FM_VISA_PERSONAL,personal,posted,,,,,,2026-01-24 | transportation | 111.01 | outflow | expense | Transit / Fuel | Transportation expense
Faris Mahmood,FMR000544,2026-01-24,rental_income,"$1,454.32",inflow,income,Tenant,Residential rent payment,FM_CHQ_PERSONAL,personal,posted,,,,,,2026-01-24 | rental_income | 1454.32 | inflow | income | Tenant | Residential rent payment
Faris Mahmood,FMR000006,2026-01-26,salary_income,"$3,550.00",inflow,income,Employer Payroll,Monthly employment salary,FM_CHQ_PERSONAL,personal,posted,,,,,,2026-01-26 | salary_income | 3550.00 | inflow | income | Employer Payroll | Monthly employment salary
Faris Mahmood,FMR000044,2026-01-26,business_supplies,$202.64,outflow,expense,Office Supplier,Business supplies purchase,FM_CHQ_BUSINESS,business,posted,,,,,,2026-01-26 | business_supplies | 202.64 | outflow | expense | Office Supplier | Business supplies purchase
Faris Mahmood,FMR000156,2026-01-26,rental_income,"$1,435.59",inflow,income,Tenant,Residential rent payment,FM_CHQ_PERSONAL,personal,posted,,,,,,2026-01-26 | rental_income | 1435.59 | inflow | income | Tenant | Residential rent payment
Faris Mahmood,FMR000600,2026-01-26,phone_bill,$88.87,outflow,expense,Mobile Provider,Monthly phone bill,FM_VISA_PERSONAL,personal,posted,,,,,,2026-01-26 | phone_bill | 88.87 | outflow | expense | Mobile Provider | Monthly phone bill
Faris Mahmood,FMR000561,2026-01-27,restaurant_meal,$19.98,outflow,expense,Local Restaurant,Restaurant meal,FM_VISA_PERSONAL,personal,posted,,,,,,2026-01-27 | restaurant_meal | 19.98 | outflow | expense | Local Restaurant | Restaurant meal
Faris Mahmood,FMR000135,2026-01-28,transportation,$39.80,outflow,expense,Transit / Fuel,Transportation expense,FM_VISA_PERSONAL,personal,posted,,,,,,2026-01-28 | transportation | 39.80 | outflow | expense | Transit / Fuel | Transportation expense
Faris Mahmood,FMR000234,2026-01-28,software_subscription,$84.15,outflow,expense,Software Vendor,Software subscription,FM_CHQ_BUSINESS,business,posted,,,,,,2026-01-28 | software_subscription | 84.15 | outflow | expense | Software Vendor | Software subscription
Faris Mahmood,FMR000549,2026-01-29,personal_spending,$76.15,outflow,expense,Retail Store,Personal spending,FM_VISA_PERSONAL,personal,posted,,,,,,2026-01-29 | personal_spending | 76.15 | outflow | expense | Retail Store | Personal spending
Faris Mahmood,FMR000221,2026-01-30,transportation,$26.85,outflow,expense,Transit / Fuel,Transportation expense,FM_VISA_PERSONAL,personal,posted,,,,,,2026-01-30 | transportation | 26.85 | outflow | expense | Transit / Fuel | Transportation expense
Faris Mahmood,FMR000140,2026-01-31,personal_spending,$125.82,outflow,expense,Retail Store,Personal spending,FM_VISA_PERSONAL,personal,posted,,,,,,2026-01-31 | personal_spending | 125.82 | outflow | expense | Retail Store | Personal spending
Faris Mahmood,FMR000141,2026-01-31,transportation,$87.48,outflow,expense,Transit / Fuel,Transportation expense,FM_VISA_PERSONAL,personal,posted,,,,,,2026-01-31 | transportation | 87.48 | outflow | expense | Transit / Fuel | Transportation expense
Faris Mahmood,FMR000169,2026-01-31,groceries,$160.98,outflow,expense,Local Grocer,Household grocery purchase,FM_VISA_PERSONAL,personal,posted,,,,,,2026-01-31 | groceries | 160.98 | outflow | expense | Local Grocer | Household grocery purchase
Faris Mahmood,FMR000545,2026-01-31,tip_income,$107.55,inflow,income,Customer Tips,Tips from permissible work,FM_CHQ_PERSONAL,personal,posted,,,,,,2026-01-31 | tip_income | 107.55 | inflow | income | Customer Tips | Tips from permissible work
Faris Mahmood,FMR000149,2026-02-02,business_supplies,$179.91,outflow,expense,Office Supplier,Business supplies purchase,FM_CHQ_BUSINESS,business,posted,,,,,,2026-02-02 | business_supplies | 179.91 | outflow | expense | Office Supplier | Business supplies purchase
Faris Mahmood,FMR000444,2026-02-04,tip_income,$96.37,inflow,income,Customer Tips,Tips from permissible work,FM_CHQ_PERSONAL,personal,posted,,,,,,2026-02-04 | tip_income | 96.37 | inflow | income | Customer Tips | Tips from permissible work
Faris Mahmood,FMR000559,2026-02-04,phone_bill,$95.42,outflow,expense,Mobile Provider,Monthly phone bill,FM_VISA_PERSONAL,personal,posted,,,,,,2026-02-04 | phone_bill | 95.42 | outflow | expense | Mobile Provider | Monthly phone bill
Faris Mahmood,FMS0014,2026-02-04,mixed_income_missing_split,$980.00,inflow,income,Marketplace Payout,"Business payout contains permissible and prohibited sales, but the split percentage was not provided.",FM_CHQ_BUSINESS,business,posted,,,,,Percentage of permissible vs prohibited revenue is missing,"2026-02-04 | mixed_income_missing_split | 980.00 | inflow | income | Marketplace Payout | Business payout contains permissible and prohibited sales, but the split percentage was not provided."
Faris Mahmood,FMR000236,2026-02-05,phone_bill,$52.53,outflow,expense,Mobile Provider,Monthly phone bill,FM_VISA_PERSONAL,personal,posted,,,,,,2026-02-05 | phone_bill | 52.53 | outflow | expense | Mobile Provider | Monthly phone bill
Faris Mahmood,FMR000594,2026-02-08,restaurant_meal,$45.15,outflow,expense,Local Restaurant,Restaurant meal,FM_VISA_PERSONAL,personal,posted,,,,,,2026-02-08 | restaurant_meal | 45.15 | outflow | expense | Local Restaurant | Restaurant meal
Faris Mahmood,FMR000167,2026-02-09,restaurant_meal,$15.92,outflow,expense,Local Restaurant,Restaurant meal,FM_VISA_PERSONAL,personal,posted,,,,,,2026-02-09 | restaurant_meal | 15.92 | outflow | expense | Local Restaurant | Restaurant meal
Faris Mahmood,FMR000258,2026-02-09,freelance_income,$377.94,inflow,income,Freelance Client,Freelance professional work payment,FM_CHQ_PERSONAL,personal,posted,,,,,,2026-02-09 | freelance_income | 377.94 | inflow | income | Freelance Client | Freelance professional work payment
Faris Mahmood,FMR000134,2026-02-10,transportation,$50.29,outflow,expense,Transit / Fuel,Transportation expense,FM_VISA_PERSONAL,personal,posted,,,,,,2026-02-10 | transportation | 50.29 | outflow | expense | Transit / Fuel | Transportation expense
Faris Mahmood,FMR000174,2026-02-10,rental_income,"$1,716.03",inflow,income,Tenant,Residential rent payment,FM_CHQ_PERSONAL,personal,posted,,,,,,2026-02-10 | rental_income | 1716.03 | inflow | income | Tenant | Residential rent payment
Faris Mahmood,FMR000448,2026-02-10,personal_spending,$131.25,outflow,expense,Retail Store,Personal spending,FM_VISA_PERSONAL,personal,posted,,,,,,2026-02-10 | personal_spending | 131.25 | outflow | expense | Retail Store | Personal spending
Faris Mahmood,FMR000602,2026-02-10,business_advertising,$232.23,outflow,expense,Ad Platform,Business advertising expense,FM_CHQ_BUSINESS,business,posted,,,,,,2026-02-10 | business_advertising | 232.23 | outflow | expense | Ad Platform | Business advertising expense
Faris Mahmood,FMR000418,2026-02-11,transportation,$95.57,outflow,expense,Transit / Fuel,Transportation expense,FM_VISA_PERSONAL,personal,posted,,,,,,2026-02-11 | transportation | 95.57 | outflow | expense | Transit / Fuel | Transportation expense
Faris Mahmood,FMR000468,2026-02-12,tip_income,$114.48,inflow,income,Customer Tips,Tips from permissible work,FM_CHQ_PERSONAL,personal,posted,,,,,,2026-02-12 | tip_income | 114.48 | inflow | income | Customer Tips | Tips from permissible work
Faris Mahmood,FMR000148,2026-02-13,software_subscription,$15.76,outflow,expense,Software Vendor,Software subscription,FM_CHQ_BUSINESS,business,posted,,,,,,2026-02-13 | software_subscription | 15.76 | outflow | expense | Software Vendor | Software subscription
Faris Mahmood,FMR000292,2026-02-13,business_advertising,$23.94,outflow,expense,Ad Platform,Business advertising expense,FM_CHQ_BUSINESS,business,posted,,,,,,2026-02-13 | business_advertising | 23.94 | outflow | expense | Ad Platform | Business advertising expense
Faris Mahmood,FMR000553,2026-02-13,freelance_income,$361.01,inflow,income,Freelance Client,Freelance professional work payment,FM_CHQ_PERSONAL,personal,posted,,,,,,2026-02-13 | freelance_income | 361.01 | inflow | income | Freelance Client | Freelance professional work payment
Faris Mahmood,FMR000125,2026-02-14,business_supplies,$115.67,outflow,expense,Office Supplier,Business supplies purchase,FM_CHQ_BUSINESS,business,posted,,,,,,2026-02-14 | business_supplies | 115.67 | outflow | expense | Office Supplier | Business supplies purchase
Faris Mahmood,FMR000402,2026-02-14,groceries,$123.58,outflow,expense,Local Grocer,Household grocery purchase,FM_VISA_PERSONAL,personal,posted,,,,,,2026-02-14 | groceries | 123.58 | outflow | expense | Local Grocer | Household grocery purchase
Faris Mahmood,FMR000572,2026-02-14,transportation,$11.96,outflow,expense,Transit / Fuel,Transportation expense,FM_VISA_PERSONAL,personal,posted,,,,,,2026-02-14 | transportation | 11.96 | outflow | expense | Transit / Fuel | Transportation expense
Faris Mahmood,FMS0015,2026-02-14,tentative_cashback,$36.50,inflow,adjustment,Credit Card Provider,Cashback reward on regular purchases; transaction details are otherwise complete.,FM_CHQ_PERSONAL,personal,posted,,,,,,2026-02-14 | tentative_cashback | 36.50 | inflow | adjustment | Credit Card Provider | Cashback reward on regular purchases; transaction details are otherwise complete.
Faris Mahmood,FMR000283,2026-02-15,business_advertising,$164.64,outflow,expense,Ad Platform,Business advertising expense,FM_CHQ_BUSINESS,business,posted,,,,,,2026-02-15 | business_advertising | 164.64 | outflow | expense | Ad Platform | Business advertising expense
Faris Mahmood,FMR000580,2026-02-16,tip_income,$94.45,inflow,income,Customer Tips,Tips from permissible work,FM_CHQ_PERSONAL,personal,posted,,,,,,2026-02-16 | tip_income | 94.45 | inflow | income | Customer Tips | Tips from permissible work
Faris Mahmood,FMR000085,2026-02-17,electricity_bill,$142.19,outflow,expense,Electric Utility,Monthly electricity bill,FM_VISA_PERSONAL,personal,posted,,,,,,2026-02-17 | electricity_bill | 142.19 | outflow | expense | Electric Utility | Monthly electricity bill
Faris Mahmood,FMR000025,2026-02-18,restaurant_meal,$60.14,outflow,expense,Local Restaurant,Restaurant meal,FM_VISA_PERSONAL,personal,posted,,,,,,2026-02-18 | restaurant_meal | 60.14 | outflow | expense | Local Restaurant | Restaurant meal
Faris Mahmood,FMR000189,2026-02-18,rental_income,$981.80,inflow,income,Tenant,Residential rent payment,FM_CHQ_PERSONAL,personal,posted,,,,,,2026-02-18 | rental_income | 981.80 | inflow | income | Tenant | Residential rent payment
Faris Mahmood,FMR000202,2026-02-19,freelance_income,$247.08,inflow,income,Freelance Client,Freelance professional work payment,FM_CHQ_PERSONAL,personal,posted,,,,,,2026-02-19 | freelance_income | 247.08 | inflow | income | Freelance Client | Freelance professional work payment
Faris Mahmood,FMR000409,2026-02-19,electricity_bill,$87.00,outflow,expense,Electric Utility,Monthly electricity bill,FM_VISA_PERSONAL,personal,posted,,,,,,2026-02-19 | electricity_bill | 87.00 | outflow | expense | Electric Utility | Monthly electricity bill
Faris Mahmood,FMR000440,2026-02-19,groceries,$104.05,outflow,expense,Local Grocer,Household grocery purchase,FM_VISA_PERSONAL,personal,posted,,,,,,2026-02-19 | groceries | 104.05 | outflow | expense | Local Grocer | Household grocery purchase
Faris Mahmood,FMR000592,2026-02-19,business_sale_income,$306.22,inflow,income,Online Customer,Ordinary permissible product sale,FM_CHQ_BUSINESS,business,posted,,,,,,2026-02-19 | business_sale_income | 306.22 | inflow | income | Online Customer | Ordinary permissible product sale
Faris Mahmood,FMR000197,2026-02-20,personal_spending,$32.00,outflow,expense,Retail Store,Personal spending,FM_VISA_PERSONAL,personal,posted,,,,,,2026-02-20 | personal_spending | 32.00 | outflow | expense | Retail Store | Personal spending
Faris Mahmood,FMR000300,2026-02-20,phone_bill,$75.80,outflow,expense,Mobile Provider,Monthly phone bill,FM_VISA_PERSONAL,personal,posted,,,,,,2026-02-20 | phone_bill | 75.80 | outflow | expense | Mobile Provider | Monthly phone bill
Faris Mahmood,FMR000471,2026-02-20,personal_spending,$153.15,outflow,expense,Retail Store,Personal spending,FM_VISA_PERSONAL,personal,posted,,,,,,2026-02-20 | personal_spending | 153.15 | outflow | expense | Retail Store | Personal spending
Faris Mahmood,FMR000495,2026-02-22,freelance_income,$262.31,inflow,income,Freelance Client,Freelance professional work payment,FM_CHQ_PERSONAL,personal,posted,,,,,,2026-02-22 | freelance_income | 262.31 | inflow | income | Freelance Client | Freelance professional work payment
Faris Mahmood,FMR000540,2026-02-22,electricity_bill,$140.42,outflow,expense,Electric Utility,Monthly electricity bill,FM_VISA_PERSONAL,personal,posted,,,,,,2026-02-22 | electricity_bill | 140.42 | outflow | expense | Electric Utility | Monthly electricity bill
Faris Mahmood,FMR000281,2026-02-23,software_subscription,$77.26,outflow,expense,Software Vendor,Software subscription,FM_CHQ_BUSINESS,business,posted,,,,,,2026-02-23 | software_subscription | 77.26 | outflow | expense | Software Vendor | Software subscription
Faris Mahmood,FMR000027,2026-02-24,rental_income,"$1,631.24",inflow,income,Tenant,Residential rent payment,FM_CHQ_PERSONAL,personal,posted,,,,,,2026-02-24 | rental_income | 1631.24 | inflow | income | Tenant | Residential rent payment
Faris Mahmood,FMR000066,2026-02-24,phone_bill,$59.03,outflow,expense,Mobile Provider,Monthly phone bill,FM_VISA_PERSONAL,personal,posted,,,,,,2026-02-24 | phone_bill | 59.03 | outflow | expense | Mobile Provider | Monthly phone bill
Faris Mahmood,FMR000225,2026-02-24,business_supplies,$33.69,outflow,expense,Office Supplier,Business supplies purchase,FM_CHQ_BUSINESS,business,posted,,,,,,2026-02-24 | business_supplies | 33.69 | outflow | expense | Office Supplier | Business supplies purchase
Faris Mahmood,FMR000318,2026-02-24,electricity_bill,$81.74,outflow,expense,Electric Utility,Monthly electricity bill,FM_VISA_PERSONAL,personal,posted,,,,,,2026-02-24 | electricity_bill | 81.74 | outflow | expense | Electric Utility | Monthly electricity bill
Faris Mahmood,FMR000007,2026-02-25,salary_income,"$3,550.00",inflow,income,Employer Payroll,Monthly employment salary,FM_CHQ_PERSONAL,personal,posted,,,,,,2026-02-25 | salary_income | 3550.00 | inflow | income | Employer Payroll | Monthly employment salary
Faris Mahmood,FMR000021,2026-02-25,electricity_bill,$86.81,outflow,expense,Electric Utility,Monthly electricity bill,FM_VISA_PERSONAL,personal,posted,,,,,,2026-02-25 | electricity_bill | 86.81 | outflow | expense | Electric Utility | Monthly electricity bill
Faris Mahmood,FMR000533,2026-02-25,rental_income,"$1,317.62",inflow,income,Tenant,Residential rent payment,FM_CHQ_PERSONAL,personal,posted,,,,,,2026-02-25 | rental_income | 1317.62 | inflow | income | Tenant | Residential rent payment
Faris Mahmood,FMS0016,2026-02-25,tentative_unscreened_investment,$215.00,inflow,income,Investment Platform,Distribution from an unscreened investment fund.,FM_INVESTMENT,personal,posted,,,,,,2026-02-25 | tentative_unscreened_investment | 215.00 | inflow | income | Investment Platform | Distribution from an unscreened investment fund.
Faris Mahmood,FMR000351,2026-02-26,tip_income,$116.47,inflow,income,Customer Tips,Tips from permissible work,FM_CHQ_PERSONAL,personal,posted,,,,,,2026-02-26 | tip_income | 116.47 | inflow | income | Customer Tips | Tips from permissible work
Faris Mahmood,FMR000496,2026-02-26,tip_income,$34.85,inflow,income,Customer Tips,Tips from permissible work,FM_CHQ_PERSONAL,personal,posted,,,,,,2026-02-26 | tip_income | 34.85 | inflow | income | Customer Tips | Tips from permissible work
Faris Mahmood,FMR000054,2026-02-28,groceries,$138.45,outflow,expense,Local Grocer,Household grocery purchase,FM_VISA_PERSONAL,personal,posted,,,,,,2026-02-28 | groceries | 138.45 | outflow | expense | Local Grocer | Household grocery purchase
Faris Mahmood,FMR000023,2026-03-02,tip_income,$41.34,inflow,income,Customer Tips,Tips from permissible work,FM_CHQ_PERSONAL,personal,posted,,,,,,2026-03-02 | tip_income | 41.34 | inflow | income | Customer Tips | Tips from permissible work
Faris Mahmood,FMR000184,2026-03-02,rental_income,"$1,781.33",inflow,income,Tenant,Residential rent payment,FM_CHQ_PERSONAL,personal,posted,,,,,,2026-03-02 | rental_income | 1781.33 | inflow | income | Tenant | Residential rent payment
Faris Mahmood,FMR000320,2026-03-02,business_advertising,$94.54,outflow,expense,Ad Platform,Business advertising expense,FM_CHQ_BUSINESS,business,posted,,,,,,2026-03-02 | business_advertising | 94.54 | outflow | expense | Ad Platform | Business advertising expense
Faris Mahmood,FMS0017,2026-03-02,missing_info_affiliate_income,$260.00,inflow,income,Affiliate Network,Affiliate payout received; underlying promoted product/service is not listed.,FM_CHQ_PERSONAL,personal,posted,,,,,Underlying product/service and contract terms are missing,2026-03-02 | missing_info_affiliate_income | 260.00 | inflow | income | Affiliate Network | Affiliate payout received; underlying promoted product/service is not listed.
Faris Mahmood,FMR000299,2026-03-03,software_subscription,$41.50,outflow,expense,Software Vendor,Software subscription,FM_CHQ_BUSINESS,business,posted,,,,,,2026-03-03 | software_subscription | 41.50 | outflow | expense | Software Vendor | Software subscription
Faris Mahmood,FMR000293,2026-03-04,phone_bill,$76.34,outflow,expense,Mobile Provider,Monthly phone bill,FM_VISA_PERSONAL,personal,posted,,,,,,2026-03-04 | phone_bill | 76.34 | outflow | expense | Mobile Provider | Monthly phone bill
Faris Mahmood,FMR000555,2026-03-04,groceries,$110.72,outflow,expense,Local Grocer,Household grocery purchase,FM_VISA_PERSONAL,personal,posted,,,,,,2026-03-04 | groceries | 110.72 | outflow | expense | Local Grocer | Household grocery purchase
Faris Mahmood,FMR000262,2026-03-05,transportation,$41.37,outflow,expense,Transit / Fuel,Transportation expense,FM_VISA_PERSONAL,personal,posted,,,,,,2026-03-05 | transportation | 41.37 | outflow | expense | Transit / Fuel | Transportation expense
Faris Mahmood,FMR000307,2026-03-05,business_supplies,$24.49,outflow,expense,Office Supplier,Business supplies purchase,FM_CHQ_BUSINESS,business,posted,,,,,,2026-03-05 | business_supplies | 24.49 | outflow | expense | Office Supplier | Business supplies purchase
Faris Mahmood,FMR000406,2026-03-05,business_advertising,$56.80,outflow,expense,Ad Platform,Business advertising expense,FM_CHQ_BUSINESS,business,posted,,,,,,2026-03-05 | business_advertising | 56.80 | outflow | expense | Ad Platform | Business advertising expense
Faris Mahmood,FMR000222,2026-03-06,restaurant_meal,$41.93,outflow,expense,Local Restaurant,Restaurant meal,FM_VISA_PERSONAL,personal,posted,,,,,,2026-03-06 | restaurant_meal | 41.93 | outflow | expense | Local Restaurant | Restaurant meal
Faris Mahmood,FMR000485,2026-03-06,freelance_income,$827.22,inflow,income,Freelance Client,Freelance professional work payment,FM_CHQ_PERSONAL,personal,posted,,,,,,2026-03-06 | freelance_income | 827.22 | inflow | income | Freelance Client | Freelance professional work payment
Faris Mahmood,FMH004,2026-03-07,gambling_income,$310.00,inflow,income,Sports Betting Platform,Gambling winnings,FM_CHQ_PERSONAL,personal,posted,,,,,,2026-03-07 | gambling_income | 310.00 | inflow | income | Sports Betting Platform | Gambling winnings
Faris Mahmood,FMR000245,2026-03-07,restaurant_meal,$56.89,outflow,expense,Local Restaurant,Restaurant meal,FM_VISA_PERSONAL,personal,posted,,,,,,2026-03-07 | restaurant_meal | 56.89 | outflow | expense | Local Restaurant | Restaurant meal
Faris Mahmood,FMR000433,2026-03-08,rental_income,"$1,409.57",inflow,income,Tenant,Residential rent payment,FM_CHQ_PERSONAL,personal,posted,,,,,,2026-03-08 | rental_income | 1409.57 | inflow | income | Tenant | Residential rent payment
Faris Mahmood,FMR000055,2026-03-10,electricity_bill,$161.13,outflow,expense,Electric Utility,Monthly electricity bill,FM_VISA_PERSONAL,personal,posted,,,,,,2026-03-10 | electricity_bill | 161.13 | outflow | expense | Electric Utility | Monthly electricity bill
Faris Mahmood,FMR000282,2026-03-10,business_advertising,$196.41,outflow,expense,Ad Platform,Business advertising expense,FM_CHQ_BUSINESS,business,posted,,,,,,2026-03-10 | business_advertising | 196.41 | outflow | expense | Ad Platform | Business advertising expense
Faris Mahmood,FMR000177,2026-03-11,restaurant_meal,$25.65,outflow,expense,Local Restaurant,Restaurant meal,FM_VISA_PERSONAL,personal,posted,,,,,,2026-03-11 | restaurant_meal | 25.65 | outflow | expense | Local Restaurant | Restaurant meal
Faris Mahmood,FMR000195,2026-03-11,groceries,$60.72,outflow,expense,Local Grocer,Household grocery purchase,FM_VISA_PERSONAL,personal,posted,,,,,,2026-03-11 | groceries | 60.72 | outflow | expense | Local Grocer | Household grocery purchase
Faris Mahmood,FMR000203,2026-03-11,phone_bill,$102.83,outflow,expense,Mobile Provider,Monthly phone bill,FM_VISA_PERSONAL,personal,posted,,,,,,2026-03-11 | phone_bill | 102.83 | outflow | expense | Mobile Provider | Monthly phone bill
Faris Mahmood,FMR000286,2026-03-11,business_supplies,$192.22,outflow,expense,Office Supplier,Business supplies purchase,FM_CHQ_BUSINESS,business,posted,,,,,,2026-03-11 | business_supplies | 192.22 | outflow | expense | Office Supplier | Business supplies purchase
Faris Mahmood,FMR000375,2026-03-11,electricity_bill,$124.10,outflow,expense,Electric Utility,Monthly electricity bill,FM_VISA_PERSONAL,personal,posted,,,,,,2026-03-11 | electricity_bill | 124.10 | outflow | expense | Electric Utility | Monthly electricity bill
Faris Mahmood,FMR000464,2026-03-11,rental_income,"$1,513.78",inflow,income,Tenant,Residential rent payment,FM_CHQ_PERSONAL,personal,posted,,,,,,2026-03-11 | rental_income | 1513.78 | inflow | income | Tenant | Residential rent payment
Faris Mahmood,FMR000566,2026-03-11,software_subscription,$12.17,outflow,expense,Software Vendor,Software subscription,FM_CHQ_BUSINESS,business,posted,,,,,,2026-03-11 | software_subscription | 12.17 | outflow | expense | Software Vendor | Software subscription
Faris Mahmood,FMR000048,2026-03-12,business_advertising,$174.67,outflow,expense,Ad Platform,Business advertising expense,FM_CHQ_BUSINESS,business,posted,,,,,,2026-03-12 | business_advertising | 174.67 | outflow | expense | Ad Platform | Business advertising expense
Faris Mahmood,FMR000160,2026-03-12,business_sale_income,$240.37,inflow,income,Online Customer,Ordinary permissible product sale,FM_CHQ_BUSINESS,business,posted,,,,,,2026-03-12 | business_sale_income | 240.37 | inflow | income | Online Customer | Ordinary permissible product sale
Faris Mahmood,FMR000237,2026-03-12,restaurant_meal,$80.21,outflow,expense,Local Restaurant,Restaurant meal,FM_VISA_PERSONAL,personal,posted,,,,,,2026-03-12 | restaurant_meal | 80.21 | outflow | expense | Local Restaurant | Restaurant meal
Faris Mahmood,FMR000397,2026-03-12,tip_income,$96.41,inflow,income,Customer Tips,Tips from permissible work,FM_CHQ_PERSONAL,personal,posted,,,,,,2026-03-12 | tip_income | 96.41 | inflow | income | Customer Tips | Tips from permissible work
Faris Mahmood,FMS0018,2026-03-12,missing_info_marketplace_income,$415.00,inflow,income,Marketplace,Marketplace credit with no product description.,FM_CHQ_BUSINESS,business,posted,,,,,Product type and source of the payment are missing,2026-03-12 | missing_info_marketplace_income | 415.00 | inflow | income | Marketplace | Marketplace credit with no product description.
Faris Mahmood,FMR000063,2026-03-13,business_sale_income,$217.75,inflow,income,Online Customer,Ordinary permissible product sale,FM_CHQ_BUSINESS,business,posted,,,,,,2026-03-13 | business_sale_income | 217.75 | inflow | income | Online Customer | Ordinary permissible product sale
Faris Mahmood,FMR000574,2026-03-13,restaurant_meal,$25.85,outflow,expense,Local Restaurant,Restaurant meal,FM_VISA_PERSONAL,personal,posted,,,,,,2026-03-13 | restaurant_meal | 25.85 | outflow | expense | Local Restaurant | Restaurant meal
Faris Mahmood,FMR000288,2026-03-14,restaurant_meal,$89.08,outflow,expense,Local Restaurant,Restaurant meal,FM_VISA_PERSONAL,personal,posted,,,,,,2026-03-14 | restaurant_meal | 89.08 | outflow | expense | Local Restaurant | Restaurant meal
Faris Mahmood,FMR000325,2026-03-14,business_sale_income,$204.59,inflow,income,Online Customer,Ordinary permissible product sale,FM_CHQ_BUSINESS,business,posted,,,,,,2026-03-14 | business_sale_income | 204.59 | inflow | income | Online Customer | Ordinary permissible product sale
Faris Mahmood,FMR000367,2026-03-14,transportation,$27.22,outflow,expense,Transit / Fuel,Transportation expense,FM_VISA_PERSONAL,personal,posted,,,,,,2026-03-14 | transportation | 27.22 | outflow | expense | Transit / Fuel | Transportation expense
Faris Mahmood,FMR000369,2026-03-14,tip_income,$89.07,inflow,income,Customer Tips,Tips from permissible work,FM_CHQ_PERSONAL,personal,posted,,,,,,2026-03-14 | tip_income | 89.07 | inflow | income | Customer Tips | Tips from permissible work
Faris Mahmood,FMR000343,2026-03-15,business_supplies,$142.21,outflow,expense,Office Supplier,Business supplies purchase,FM_CHQ_BUSINESS,business,posted,,,,,,2026-03-15 | business_supplies | 142.21 | outflow | expense | Office Supplier | Business supplies purchase
Faris Mahmood,FMR000370,2026-03-15,phone_bill,$117.14,outflow,expense,Mobile Provider,Monthly phone bill,FM_VISA_PERSONAL,personal,posted,,,,,,2026-03-15 | phone_bill | 117.14 | outflow | expense | Mobile Provider | Monthly phone bill
Faris Mahmood,FMR000111,2026-03-16,business_sale_income,$309.23,inflow,income,Online Customer,Ordinary permissible product sale,FM_CHQ_BUSINESS,business,posted,,,,,,2026-03-16 | business_sale_income | 309.23 | inflow | income | Online Customer | Ordinary permissible product sale
Faris Mahmood,FMR000226,2026-03-18,business_advertising,$48.78,outflow,expense,Ad Platform,Business advertising expense,FM_CHQ_BUSINESS,business,posted,,,,,,2026-03-18 | business_advertising | 48.78 | outflow | expense | Ad Platform | Business advertising expense
Faris Mahmood,FMR000519,2026-03-18,groceries,$161.97,outflow,expense,Local Grocer,Household grocery purchase,FM_VISA_PERSONAL,personal,posted,,,,,,2026-03-18 | groceries | 161.97 | outflow | expense | Local Grocer | Household grocery purchase
Faris Mahmood,FMR000108,2026-03-20,groceries,$140.58,outflow,expense,Local Grocer,Household grocery purchase,FM_VISA_PERSONAL,personal,posted,,,,,,2026-03-20 | groceries | 140.58 | outflow | expense | Local Grocer | Household grocery purchase
Faris Mahmood,FMR000273,2026-03-20,transportation,$12.17,outflow,expense,Transit / Fuel,Transportation expense,FM_VISA_PERSONAL,personal,posted,,,,,,2026-03-20 | transportation | 12.17 | outflow | expense | Transit / Fuel | Transportation expense
Faris Mahmood,FMR000450,2026-03-20,restaurant_meal,$66.23,outflow,expense,Local Restaurant,Restaurant meal,FM_VISA_PERSONAL,personal,posted,,,,,,2026-03-20 | restaurant_meal | 66.23 | outflow | expense | Local Restaurant | Restaurant meal
Faris Mahmood,FMS0019,2026-03-20,crypto_sale_with_cost_basis,"$3,100.00",inflow,asset_sale,Crypto Exchange,Sold Token A. Original cost basis is provided.,FM_CHQ_PERSONAL,personal,posted,,,2450,,,2026-03-20 | crypto_sale_with_cost_basis | 3100.00 | inflow | asset_sale | Crypto Exchange | Sold Token A. Original cost basis is provided.
Faris Mahmood,FMR000265,2026-03-21,electricity_bill,$144.50,outflow,expense,Electric Utility,Monthly electricity bill,FM_VISA_PERSONAL,personal,posted,,,,,,2026-03-21 | electricity_bill | 144.50 | outflow | expense | Electric Utility | Monthly electricity bill
Faris Mahmood,FMR000488,2026-03-21,business_sale_income,$330.76,inflow,income,Online Customer,Ordinary permissible product sale,FM_CHQ_BUSINESS,business,posted,,,,,,2026-03-21 | business_sale_income | 330.76 | inflow | income | Online Customer | Ordinary permissible product sale
Faris Mahmood,FMR000500,2026-03-21,business_sale_income,$397.61,inflow,income,Online Customer,Ordinary permissible product sale,FM_CHQ_BUSINESS,business,posted,,,,,,2026-03-21 | business_sale_income | 397.61 | inflow | income | Online Customer | Ordinary permissible product sale
Faris Mahmood,FMR000077,2026-03-22,phone_bill,$45.09,outflow,expense,Mobile Provider,Monthly phone bill,FM_VISA_PERSONAL,personal,posted,,,,,,2026-03-22 | phone_bill | 45.09 | outflow | expense | Mobile Provider | Monthly phone bill
Faris Mahmood,FMR000058,2026-03-23,tip_income,$72.53,inflow,income,Customer Tips,Tips from permissible work,FM_CHQ_PERSONAL,personal,posted,,,,,,2026-03-23 | tip_income | 72.53 | inflow | income | Customer Tips | Tips from permissible work
Faris Mahmood,FMR000117,2026-03-23,transportation,$16.28,outflow,expense,Transit / Fuel,Transportation expense,FM_VISA_PERSONAL,personal,posted,,,,,,2026-03-23 | transportation | 16.28 | outflow | expense | Transit / Fuel | Transportation expense
Faris Mahmood,FMR000151,2026-03-23,restaurant_meal,$81.95,outflow,expense,Local Restaurant,Restaurant meal,FM_VISA_PERSONAL,personal,posted,,,,,,2026-03-23 | restaurant_meal | 81.95 | outflow | expense | Local Restaurant | Restaurant meal
Faris Mahmood,FMR000153,2026-03-23,business_supplies,$211.98,outflow,expense,Office Supplier,Business supplies purchase,FM_CHQ_BUSINESS,business,posted,,,,,,2026-03-23 | business_supplies | 211.98 | outflow | expense | Office Supplier | Business supplies purchase
Faris Mahmood,FMR000576,2026-03-23,phone_bill,$115.17,outflow,expense,Mobile Provider,Monthly phone bill,FM_VISA_PERSONAL,personal,posted,,,,,,2026-03-23 | phone_bill | 115.17 | outflow | expense | Mobile Provider | Monthly phone bill
Faris Mahmood,FMR000494,2026-03-24,phone_bill,$48.55,outflow,expense,Mobile Provider,Monthly phone bill,FM_VISA_PERSONAL,personal,posted,,,,,,2026-03-24 | phone_bill | 48.55 | outflow | expense | Mobile Provider | Monthly phone bill
Faris Mahmood,FMR000178,2026-03-26,restaurant_meal,$55.80,outflow,expense,Local Restaurant,Restaurant meal,FM_VISA_PERSONAL,personal,posted,,,,,,2026-03-26 | restaurant_meal | 55.80 | outflow | expense | Local Restaurant | Restaurant meal
Faris Mahmood,FMR000008,2026-03-27,salary_income,"$3,550.00",inflow,income,Employer Payroll,Monthly employment salary,FM_CHQ_PERSONAL,personal,posted,,,,,,2026-03-27 | salary_income | 3550.00 | inflow | income | Employer Payroll | Monthly employment salary
Faris Mahmood,FMR000539,2026-03-27,tip_income,$83.97,inflow,income,Customer Tips,Tips from permissible work,FM_CHQ_PERSONAL,personal,posted,,,,,,2026-03-27 | tip_income | 83.97 | inflow | income | Customer Tips | Tips from permissible work
Faris Mahmood,FMR000536,2026-03-28,groceries,$154.26,outflow,expense,Local Grocer,Household grocery purchase,FM_VISA_PERSONAL,personal,posted,,,,,,2026-03-28 | groceries | 154.26 | outflow | expense | Local Grocer | Household grocery purchase
Faris Mahmood,FMR000104,2026-03-29,business_sale_income,$358.12,inflow,income,Online Customer,Ordinary permissible product sale,FM_CHQ_BUSINESS,business,posted,,,,,,2026-03-29 | business_sale_income | 358.12 | inflow | income | Online Customer | Ordinary permissible product sale
Faris Mahmood,FMR000126,2026-03-29,personal_spending,$15.83,outflow,expense,Retail Store,Personal spending,FM_VISA_PERSONAL,personal,posted,,,,,,2026-03-29 | personal_spending | 15.83 | outflow | expense | Retail Store | Personal spending
Faris Mahmood,FMR000249,2026-03-29,restaurant_meal,$84.48,outflow,expense,Local Restaurant,Restaurant meal,FM_VISA_PERSONAL,personal,posted,,,,,,2026-03-29 | restaurant_meal | 84.48 | outflow | expense | Local Restaurant | Restaurant meal
Faris Mahmood,FMR000278,2026-03-29,business_sale_income,$85.66,inflow,income,Online Customer,Ordinary permissible product sale,FM_CHQ_BUSINESS,business,posted,,,,,,2026-03-29 | business_sale_income | 85.66 | inflow | income | Online Customer | Ordinary permissible product sale
Faris Mahmood,FMR000346,2026-03-29,business_sale_income,$127.85,inflow,income,Online Customer,Ordinary permissible product sale,FM_CHQ_BUSINESS,business,posted,,,,,,2026-03-29 | business_sale_income | 127.85 | inflow | income | Online Customer | Ordinary permissible product sale
Faris Mahmood,FMS0020,2026-03-29,crypto_sale_missing_cost_basis,"$1,850.00",inflow,asset_sale,Crypto Exchange,Sold Token B. Cost basis was not recorded.,FM_CHQ_PERSONAL,personal,posted,,,,,Crypto cost basis and screening status are missing,2026-03-29 | crypto_sale_missing_cost_basis | 1850.00 | inflow | asset_sale | Crypto Exchange | Sold Token B. Cost basis was not recorded.
Faris Mahmood,FMR000296,2026-03-30,personal_spending,$33.20,outflow,expense,Retail Store,Personal spending,FM_VISA_PERSONAL,personal,posted,,,,,,2026-03-30 | personal_spending | 33.20 | outflow | expense | Retail Store | Personal spending
Faris Mahmood,FMR000050,2026-03-31,rental_income,"$1,219.00",inflow,income,Tenant,Residential rent payment,FM_CHQ_PERSONAL,personal,posted,,,,,,2026-03-31 | rental_income | 1219.00 | inflow | income | Tenant | Residential rent payment
Faris Mahmood,FMR000097,2026-03-31,electricity_bill,$145.76,outflow,expense,Electric Utility,Monthly electricity bill,FM_VISA_PERSONAL,personal,posted,,,,,,2026-03-31 | electricity_bill | 145.76 | outflow | expense | Electric Utility | Monthly electricity bill
Faris Mahmood,FMR000475,2026-04-02,rental_income,$719.18,inflow,income,Tenant,Residential rent payment,FM_CHQ_PERSONAL,personal,posted,,,,,,2026-04-02 | rental_income | 719.18 | inflow | income | Tenant | Residential rent payment
Faris Mahmood,FMR000067,2026-04-03,freelance_income,$697.12,inflow,income,Freelance Client,Freelance professional work payment,FM_CHQ_PERSONAL,personal,posted,,,,,,2026-04-03 | freelance_income | 697.12 | inflow | income | Freelance Client | Freelance professional work payment
Faris Mahmood,FMR000158,2026-04-03,phone_bill,$113.25,outflow,expense,Mobile Provider,Monthly phone bill,FM_VISA_PERSONAL,personal,posted,,,,,,2026-04-03 | phone_bill | 113.25 | outflow | expense | Mobile Provider | Monthly phone bill
Faris Mahmood,FMR000465,2026-04-04,phone_bill,$109.21,outflow,expense,Mobile Provider,Monthly phone bill,FM_VISA_PERSONAL,personal,posted,,,,,,2026-04-04 | phone_bill | 109.21 | outflow | expense | Mobile Provider | Monthly phone bill
Faris Mahmood,FMS0021,2026-04-05,internal_transfer,$900.00,outflow,transfer,Own Savings Account,Transfer from personal chequing to own savings account.,FM_CHQ_PERSONAL,personal,posted,,,,,,2026-04-05 | internal_transfer | 900.00 | outflow | transfer | Own Savings Account | Transfer from personal chequing to own savings account.
Faris Mahmood,FMS0022,2026-04-05,internal_transfer,$900.00,inflow,transfer,Own Chequing Account,Matching transfer into own savings account.,FM_SAVINGS,personal,posted,,,,FMS0021,,2026-04-05 | internal_transfer | 900.00 | inflow | transfer | Own Chequing Account | Matching transfer into own savings account.
Faris Mahmood,FMR000285,2026-04-07,business_supplies,$32.44,outflow,expense,Office Supplier,Business supplies purchase,FM_CHQ_BUSINESS,business,posted,,,,,,2026-04-07 | business_supplies | 32.44 | outflow | expense | Office Supplier | Business supplies purchase
Faris Mahmood,FMR000387,2026-04-07,rental_income,$938.68,inflow,income,Tenant,Residential rent payment,FM_CHQ_PERSONAL,personal,posted,,,,,,2026-04-07 | rental_income | 938.68 | inflow | income | Tenant | Residential rent payment
Faris Mahmood,FMR000543,2026-04-07,tip_income,$64.92,inflow,income,Customer Tips,Tips from permissible work,FM_CHQ_PERSONAL,personal,posted,,,,,,2026-04-07 | tip_income | 64.92 | inflow | income | Customer Tips | Tips from permissible work
Faris Mahmood,FMR000045,2026-04-08,freelance_income,$762.02,inflow,income,Freelance Client,Freelance professional work payment,FM_CHQ_PERSONAL,personal,posted,,,,,,2026-04-08 | freelance_income | 762.02 | inflow | income | Freelance Client | Freelance professional work payment
Faris Mahmood,FMR000100,2026-04-08,freelance_income,$458.46,inflow,income,Freelance Client,Freelance professional work payment,FM_CHQ_PERSONAL,personal,posted,,,,,,2026-04-08 | freelance_income | 458.46 | inflow | income | Freelance Client | Freelance professional work payment
Faris Mahmood,FMR000304,2026-04-08,software_subscription,$58.13,outflow,expense,Software Vendor,Software subscription,FM_CHQ_BUSINESS,business,posted,,,,,,2026-04-08 | software_subscription | 58.13 | outflow | expense | Software Vendor | Software subscription
Faris Mahmood,FMR000015,2026-04-09,interest_income,$20.40,inflow,income,Bank,Savings account interest credit,FM_SAVINGS,personal,posted,,,,,,2026-04-09 | interest_income | 20.40 | inflow | income | Bank | Savings account interest credit
Faris Mahmood,FMR000595,2026-04-09,rental_income,$636.26,inflow,income,Tenant,Residential rent payment,FM_CHQ_PERSONAL,personal,posted,,,,,,2026-04-09 | rental_income | 636.26 | inflow | income | Tenant | Residential rent payment
Faris Mahmood,FMR000455,2026-04-10,electricity_bill,$107.21,outflow,expense,Electric Utility,Monthly electricity bill,FM_VISA_PERSONAL,personal,posted,,,,,,2026-04-10 | electricity_bill | 107.21 | outflow | expense | Electric Utility | Monthly electricity bill
Faris Mahmood,FMR000542,2026-04-10,personal_spending,$178.10,outflow,expense,Retail Store,Personal spending,FM_VISA_PERSONAL,personal,posted,,,,,,2026-04-10 | personal_spending | 178.10 | outflow | expense | Retail Store | Personal spending
Faris Mahmood,FMR000166,2026-04-11,freelance_income,$651.73,inflow,income,Freelance Client,Freelance professional work payment,FM_CHQ_PERSONAL,personal,posted,,,,,,2026-04-11 | freelance_income | 651.73 | inflow | income | Freelance Client | Freelance professional work payment
Faris Mahmood,FMR000216,2026-04-11,business_sale_income,$202.78,inflow,income,Online Customer,Ordinary permissible product sale,FM_CHQ_BUSINESS,business,posted,,,,,,2026-04-11 | business_sale_income | 202.78 | inflow | income | Online Customer | Ordinary permissible product sale
Faris Mahmood,FMR000095,2026-04-12,tip_income,$44.85,inflow,income,Customer Tips,Tips from permissible work,FM_CHQ_PERSONAL,personal,posted,,,,,,2026-04-12 | tip_income | 44.85 | inflow | income | Customer Tips | Tips from permissible work
Faris Mahmood,FMS0023,2026-04-12,freelance_income,$720.00,inflow,income,Web Client,Website maintenance payment INV-441,FM_CHQ_PERSONAL,personal,posted,,,,,,2026-04-12 | freelance_income | 720.00 | inflow | income | Web Client | Website maintenance payment INV-441
Faris Mahmood,FMS0024,2026-04-12,freelance_income,$720.00,inflow,income,Web Client,Website maintenance payment INV-441,FM_CHQ_PERSONAL,personal,posted,,,,FMS0023,,2026-04-12 | freelance_income | 720.00 | inflow | income | Web Client | Website maintenance payment INV-441
Faris Mahmood,FMR000381,2026-04-13,business_supplies,$119.34,outflow,expense,Office Supplier,Business supplies purchase,FM_CHQ_BUSINESS,business,posted,,,,,,2026-04-13 | business_supplies | 119.34 | outflow | expense | Office Supplier | Business supplies purchase
Faris Mahmood,FMR000499,2026-04-13,personal_spending,$163.04,outflow,expense,Retail Store,Personal spending,FM_VISA_PERSONAL,personal,posted,,,,,,2026-04-13 | personal_spending | 163.04 | outflow | expense | Retail Store | Personal spending
Faris Mahmood,FMR000078,2026-04-14,freelance_income,$170.37,inflow,income,Freelance Client,Freelance professional work payment,FM_CHQ_PERSONAL,personal,posted,,,,,,2026-04-14 | freelance_income | 170.37 | inflow | income | Freelance Client | Freelance professional work payment
Faris Mahmood,FMR000588,2026-04-14,groceries,$142.01,outflow,expense,Local Grocer,Household grocery purchase,FM_VISA_PERSONAL,personal,posted,,,,,,2026-04-14 | groceries | 142.01 | outflow | expense | Local Grocer | Household grocery purchase
Faris Mahmood,FMR000061,2026-04-15,restaurant_meal,$68.64,outflow,expense,Local Restaurant,Restaurant meal,FM_VISA_PERSONAL,personal,posted,,,,,,2026-04-15 | restaurant_meal | 68.64 | outflow | expense | Local Restaurant | Restaurant meal
Faris Mahmood,FMR000172,2026-04-16,personal_spending,$157.07,outflow,expense,Retail Store,Personal spending,FM_VISA_PERSONAL,personal,posted,,,,,,2026-04-16 | personal_spending | 157.07 | outflow | expense | Retail Store | Personal spending
Faris Mahmood,FMR000192,2026-04-16,software_subscription,$25.67,outflow,expense,Software Vendor,Software subscription,FM_CHQ_BUSINESS,business,posted,,,,,,2026-04-16 | software_subscription | 25.67 | outflow | expense | Software Vendor | Software subscription
Faris Mahmood,FMR000215,2026-04-16,business_supplies,$68.79,outflow,expense,Office Supplier,Business supplies purchase,FM_CHQ_BUSINESS,business,posted,,,,,,2026-04-16 | business_supplies | 68.79 | outflow | expense | Office Supplier | Business supplies purchase
Faris Mahmood,FMR000505,2026-04-16,business_advertising,$77.18,outflow,expense,Ad Platform,Business advertising expense,FM_CHQ_BUSINESS,business,posted,,,,,,2026-04-16 | business_advertising | 77.18 | outflow | expense | Ad Platform | Business advertising expense
Faris Mahmood,FMR000220,2026-04-17,freelance_income,$327.40,inflow,income,Freelance Client,Freelance professional work payment,FM_CHQ_PERSONAL,personal,posted,,,,,,2026-04-17 | freelance_income | 327.40 | inflow | income | Freelance Client | Freelance professional work payment
Faris Mahmood,FMR000313,2026-04-17,rental_income,"$1,115.37",inflow,income,Tenant,Residential rent payment,FM_CHQ_PERSONAL,personal,posted,,,,,,2026-04-17 | rental_income | 1115.37 | inflow | income | Tenant | Residential rent payment
Faris Mahmood,FMR000217,2026-04-19,rental_income,"$1,020.42",inflow,income,Tenant,Residential rent payment,FM_CHQ_PERSONAL,personal,posted,,,,,,2026-04-19 | rental_income | 1020.42 | inflow | income | Tenant | Residential rent payment
Faris Mahmood,FMR000551,2026-04-19,personal_spending,$88.38,outflow,expense,Retail Store,Personal spending,FM_VISA_PERSONAL,personal,posted,,,,,,2026-04-19 | personal_spending | 88.38 | outflow | expense | Retail Store | Personal spending
Faris Mahmood,FMR000059,2026-04-20,software_subscription,$46.23,outflow,expense,Software Vendor,Software subscription,FM_CHQ_BUSINESS,business,posted,,,,,,2026-04-20 | software_subscription | 46.23 | outflow | expense | Software Vendor | Software subscription
Faris Mahmood,FMR000181,2026-04-20,transportation,$39.96,outflow,expense,Transit / Fuel,Transportation expense,FM_VISA_PERSONAL,personal,posted,,,,,,2026-04-20 | transportation | 39.96 | outflow | expense | Transit / Fuel | Transportation expense
Faris Mahmood,FMR000334,2026-04-20,freelance_income,$297.21,inflow,income,Freelance Client,Freelance professional work payment,FM_CHQ_PERSONAL,personal,posted,,,,,,2026-04-20 | freelance_income | 297.21 | inflow | income | Freelance Client | Freelance professional work payment
Faris Mahmood,FMS0025,2026-04-20,gross_business_sale,$420.00,inflow,income,Online Customer,Gross online store sale ORDER-881,FM_PROCESSOR,business,posted,,,,,,2026-04-20 | gross_business_sale | 420.00 | inflow | income | Online Customer | Gross online store sale ORDER-881
Faris Mahmood,FMR000393,2026-04-21,business_sale_income,$407.99,inflow,income,Online Customer,Ordinary permissible product sale,FM_CHQ_BUSINESS,business,posted,,,,,,2026-04-21 | business_sale_income | 407.99 | inflow | income | Online Customer | Ordinary permissible product sale
Faris Mahmood,FMR000403,2026-04-21,business_advertising,$65.30,outflow,expense,Ad Platform,Business advertising expense,FM_CHQ_BUSINESS,business,posted,,,,,,2026-04-21 | business_advertising | 65.30 | outflow | expense | Ad Platform | Business advertising expense
Faris Mahmood,FMR000508,2026-04-21,electricity_bill,$171.63,outflow,expense,Electric Utility,Monthly electricity bill,FM_VISA_PERSONAL,personal,posted,,,,,,2026-04-21 | electricity_bill | 171.63 | outflow | expense | Electric Utility | Monthly electricity bill
Faris Mahmood,FMS0026,2026-04-21,gross_business_sale,$310.00,inflow,income,Online Customer,Gross online store sale ORDER-882,FM_PROCESSOR,business,posted,,,,,,2026-04-21 | gross_business_sale | 310.00 | inflow | income | Online Customer | Gross online store sale ORDER-882
Faris Mahmood,FMR000352,2026-04-22,groceries,$32.07,outflow,expense,Local Grocer,Household grocery purchase,FM_VISA_PERSONAL,personal,posted,,,,,,2026-04-22 | groceries | 32.07 | outflow | expense | Local Grocer | Household grocery purchase
Faris Mahmood,FMR000582,2026-04-22,rental_income,"$1,725.60",inflow,income,Tenant,Residential rent payment,FM_CHQ_PERSONAL,personal,posted,,,,,,2026-04-22 | rental_income | 1725.60 | inflow | income | Tenant | Residential rent payment
Faris Mahmood,FMR000026,2026-04-23,phone_bill,$97.16,outflow,expense,Mobile Provider,Monthly phone bill,FM_VISA_PERSONAL,personal,posted,,,,,,2026-04-23 | phone_bill | 97.16 | outflow | expense | Mobile Provider | Monthly phone bill
Faris Mahmood,FMS0027,2026-04-23,processor_payout,$700.00,inflow,settlement,Payment Processor,Net processor settlement for recent gross sales after fees.,FM_CHQ_BUSINESS,business,posted,,,,"FMS0025,FMS0026",,2026-04-23 | processor_payout | 700.00 | inflow | settlement | Payment Processor | Net processor settlement for recent gross sales after fees.
Faris Mahmood,FMS0028,2026-04-23,processor_fee,$30.00,outflow,expense,Payment Processor,Processing fees deducted from gross sales.,FM_CHQ_BUSINESS,business,posted,,,,,,2026-04-23 | processor_fee | 30.00 | outflow | expense | Payment Processor | Processing fees deducted from gross sales.
Faris Mahmood,FMR000123,2026-04-24,business_advertising,$87.71,outflow,expense,Ad Platform,Business advertising expense,FM_CHQ_BUSINESS,business,posted,,,,,,2026-04-24 | business_advertising | 87.71 | outflow | expense | Ad Platform | Business advertising expense
Faris Mahmood,FMR000142,2026-04-24,business_advertising,$128.01,outflow,expense,Ad Platform,Business advertising expense,FM_CHQ_BUSINESS,business,posted,,,,,,2026-04-24 | business_advertising | 128.01 | outflow | expense | Ad Platform | Business advertising expense
Faris Mahmood,FMR000513,2026-04-24,freelance_income,$812.11,inflow,income,Freelance Client,Freelance professional work payment,FM_CHQ_PERSONAL,personal,posted,,,,,,2026-04-24 | freelance_income | 812.11 | inflow | income | Freelance Client | Freelance professional work payment
Faris Mahmood,FMR000193,2026-04-25,restaurant_meal,$32.92,outflow,expense,Local Restaurant,Restaurant meal,FM_VISA_PERSONAL,personal,posted,,,,,,2026-04-25 | restaurant_meal | 32.92 | outflow | expense | Local Restaurant | Restaurant meal
Faris Mahmood,FMR000271,2026-04-25,business_sale_income,$290.38,inflow,income,Online Customer,Ordinary permissible product sale,FM_CHQ_BUSINESS,business,posted,,,,,,2026-04-25 | business_sale_income | 290.38 | inflow | income | Online Customer | Ordinary permissible product sale
Faris Mahmood,FMR000009,2026-04-26,salary_income,"$3,550.00",inflow,income,Employer Payroll,Monthly employment salary,FM_CHQ_PERSONAL,personal,posted,,,,,,2026-04-26 | salary_income | 3550.00 | inflow | income | Employer Payroll | Monthly employment salary
Faris Mahmood,FMR000024,2026-04-26,business_supplies,$217.61,outflow,expense,Office Supplier,Business supplies purchase,FM_CHQ_BUSINESS,business,posted,,,,,,2026-04-26 | business_supplies | 217.61 | outflow | expense | Office Supplier | Business supplies purchase
Faris Mahmood,FMR000083,2026-04-26,electricity_bill,$102.66,outflow,expense,Electric Utility,Monthly electricity bill,FM_VISA_PERSONAL,personal,posted,,,,,,2026-04-26 | electricity_bill | 102.66 | outflow | expense | Electric Utility | Monthly electricity bill
Faris Mahmood,FMR000593,2026-04-27,electricity_bill,$109.97,outflow,expense,Electric Utility,Monthly electricity bill,FM_VISA_PERSONAL,personal,posted,,,,,,2026-04-27 | electricity_bill | 109.97 | outflow | expense | Electric Utility | Monthly electricity bill
Faris Mahmood,FMS0029,2026-04-27,customer_refund,$75.00,outflow,refund,Online Customer,Refund for ORDER-881.,FM_CHQ_BUSINESS,business,posted,,,,FMS0025,,2026-04-27 | customer_refund | 75.00 | outflow | refund | Online Customer | Refund for ORDER-881.
Faris Mahmood,FMR000163,2026-04-29,phone_bill,$78.40,outflow,expense,Mobile Provider,Monthly phone bill,FM_VISA_PERSONAL,personal,posted,,,,,,2026-04-29 | phone_bill | 78.40 | outflow | expense | Mobile Provider | Monthly phone bill
Faris Mahmood,FMR000507,2026-04-29,restaurant_meal,$64.46,outflow,expense,Local Restaurant,Restaurant meal,FM_VISA_PERSONAL,personal,posted,,,,,,2026-04-29 | restaurant_meal | 64.46 | outflow | expense | Local Restaurant | Restaurant meal
Faris Mahmood,FMR000521,2026-05-01,business_supplies,$145.66,outflow,expense,Office Supplier,Business supplies purchase,FM_CHQ_BUSINESS,business,posted,,,,,,2026-05-01 | business_supplies | 145.66 | outflow | expense | Office Supplier | Business supplies purchase
Faris Mahmood,FMS0030,2026-05-02,chargeback,$120.00,outflow,chargeback,Payment Processor,Chargeback linked to a prior customer sale.,FM_CHQ_BUSINESS,business,posted,,,,,,2026-05-02 | chargeback | 120.00 | outflow | chargeback | Payment Processor | Chargeback linked to a prior customer sale.
Faris Mahmood,FMR000105,2026-05-03,freelance_income,$290.99,inflow,income,Freelance Client,Freelance professional work payment,FM_CHQ_PERSONAL,personal,posted,,,,,,2026-05-03 | freelance_income | 290.99 | inflow | income | Freelance Client | Freelance professional work payment
Faris Mahmood,FMR000079,2026-05-04,phone_bill,$61.01,outflow,expense,Mobile Provider,Monthly phone bill,FM_VISA_PERSONAL,personal,posted,,,,,,2026-05-04 | phone_bill | 61.01 | outflow | expense | Mobile Provider | Monthly phone bill
Faris Mahmood,FMR000515,2026-05-05,software_subscription,$11.72,outflow,expense,Software Vendor,Software subscription,FM_CHQ_BUSINESS,business,posted,,,,,,2026-05-05 | software_subscription | 11.72 | outflow | expense | Software Vendor | Software subscription
Faris Mahmood,FMR000510,2026-05-06,business_supplies,$68.92,outflow,expense,Office Supplier,Business supplies purchase,FM_CHQ_BUSINESS,business,posted,,,,,,2026-05-06 | business_supplies | 68.92 | outflow | expense | Office Supplier | Business supplies purchase
Faris Mahmood,FMR000563,2026-05-07,business_supplies,$160.70,outflow,expense,Office Supplier,Business supplies purchase,FM_CHQ_BUSINESS,business,posted,,,,,,2026-05-07 | business_supplies | 160.70 | outflow | expense | Office Supplier | Business supplies purchase
Faris Mahmood,FMR000297,2026-05-08,phone_bill,$85.76,outflow,expense,Mobile Provider,Monthly phone bill,FM_VISA_PERSONAL,personal,posted,,,,,,2026-05-08 | phone_bill | 85.76 | outflow | expense | Mobile Provider | Monthly phone bill
Faris Mahmood,FMR000301,2026-05-08,personal_spending,$127.26,outflow,expense,Retail Store,Personal spending,FM_VISA_PERSONAL,personal,posted,,,,,,2026-05-08 | personal_spending | 127.26 | outflow | expense | Retail Store | Personal spending
Faris Mahmood,FMS0031,2026-05-08,loan_received,"$5,000.00",inflow,loan,Family Lender,Personal loan received; must be repaid.,FM_CHQ_PERSONAL,personal,posted,,,,,,2026-05-08 | loan_received | 5000.00 | inflow | loan | Family Lender | Personal loan received; must be repaid.
Faris Mahmood,FMR000071,2026-05-09,business_advertising,$56.01,outflow,expense,Ad Platform,Business advertising expense,FM_CHQ_BUSINESS,business,posted,,,,,,2026-05-09 | business_advertising | 56.01 | outflow | expense | Ad Platform | Business advertising expense
Faris Mahmood,FMR000548,2026-05-10,business_sale_income,$272.34,inflow,income,Online Customer,Ordinary permissible product sale,FM_CHQ_BUSINESS,business,posted,,,,,,2026-05-10 | business_sale_income | 272.34 | inflow | income | Online Customer | Ordinary permissible product sale
Faris Mahmood,FMH005,2026-05-11,lottery_winnings,$500.00,inflow,income,Lottery Corporation,Lottery winnings,FM_CHQ_PERSONAL,personal,posted,,,,,,2026-05-11 | lottery_winnings | 500.00 | inflow | income | Lottery Corporation | Lottery winnings
Faris Mahmood,FMR000315,2026-05-11,restaurant_meal,$27.83,outflow,expense,Local Restaurant,Restaurant meal,FM_VISA_PERSONAL,personal,posted,,,,,,2026-05-11 | restaurant_meal | 27.83 | outflow | expense | Local Restaurant | Restaurant meal
Faris Mahmood,FMR000420,2026-05-11,electricity_bill,$121.70,outflow,expense,Electric Utility,Monthly electricity bill,FM_VISA_PERSONAL,personal,posted,,,,,,2026-05-11 | electricity_bill | 121.70 | outflow | expense | Electric Utility | Monthly electricity bill
Faris Mahmood,FMR000598,2026-05-12,business_advertising,$49.95,outflow,expense,Ad Platform,Business advertising expense,FM_CHQ_BUSINESS,business,posted,,,,,,2026-05-12 | business_advertising | 49.95 | outflow | expense | Ad Platform | Business advertising expense
Faris Mahmood,FMR000229,2026-05-13,business_advertising,$44.54,outflow,expense,Ad Platform,Business advertising expense,FM_CHQ_BUSINESS,business,posted,,,,,,2026-05-13 | business_advertising | 44.54 | outflow | expense | Ad Platform | Business advertising expense
Faris Mahmood,FMR000298,2026-05-13,electricity_bill,$102.12,outflow,expense,Electric Utility,Monthly electricity bill,FM_VISA_PERSONAL,personal,posted,,,,,,2026-05-13 | electricity_bill | 102.12 | outflow | expense | Electric Utility | Monthly electricity bill
Faris Mahmood,FMR000467,2026-05-14,tip_income,$68.79,inflow,income,Customer Tips,Tips from permissible work,FM_CHQ_PERSONAL,personal,posted,,,,,,2026-05-14 | tip_income | 68.79 | inflow | income | Customer Tips | Tips from permissible work
Faris Mahmood,FMS0033,2026-05-14,refundable_client_deposit,"$1,000.00",inflow,deposit,Business Client,Refundable project deposit before work begins.,FM_CHQ_BUSINESS,business,posted,,,,,,2026-05-14 | refundable_client_deposit | 1000.00 | inflow | deposit | Business Client | Refundable project deposit before work begins.
Faris Mahmood,FMR000204,2026-05-15,personal_spending,$195.09,outflow,expense,Retail Store,Personal spending,FM_VISA_PERSONAL,personal,posted,,,,,,2026-05-15 | personal_spending | 195.09 | outflow | expense | Retail Store | Personal spending
Faris Mahmood,FMR000213,2026-05-15,transportation,$119.72,outflow,expense,Transit / Fuel,Transportation expense,FM_VISA_PERSONAL,personal,posted,,,,,,2026-05-15 | transportation | 119.72 | outflow | expense | Transit / Fuel | Transportation expense
Faris Mahmood,FMR000489,2026-05-15,personal_spending,$77.06,outflow,expense,Retail Store,Personal spending,FM_VISA_PERSONAL,personal,posted,,,,,,2026-05-15 | personal_spending | 77.06 | outflow | expense | Retail Store | Personal spending
Faris Mahmood,FMR000084,2026-05-16,freelance_income,$416.58,inflow,income,Freelance Client,Freelance professional work payment,FM_CHQ_PERSONAL,personal,posted,,,,,,2026-05-16 | freelance_income | 416.58 | inflow | income | Freelance Client | Freelance professional work payment
Faris Mahmood,FMR000113,2026-05-16,rental_income,"$1,535.88",inflow,income,Tenant,Residential rent payment,FM_CHQ_PERSONAL,personal,posted,,,,,,2026-05-16 | rental_income | 1535.88 | inflow | income | Tenant | Residential rent payment
Faris Mahmood,FMR000586,2026-05-16,personal_spending,$178.89,outflow,expense,Retail Store,Personal spending,FM_VISA_PERSONAL,personal,posted,,,,,,2026-05-16 | personal_spending | 178.89 | outflow | expense | Retail Store | Personal spending
Faris Mahmood,FMR000379,2026-05-18,tip_income,$76.22,inflow,income,Customer Tips,Tips from permissible work,FM_CHQ_PERSONAL,personal,posted,,,,,,2026-05-18 | tip_income | 76.22 | inflow | income | Customer Tips | Tips from permissible work
Faris Mahmood,FMS0034,2026-05-18,employee_reimbursement,$186.40,inflow,reimbursement,Employer,Reimbursement for approved travel costs.,FM_CHQ_PERSONAL,personal,posted,,,,,,2026-05-18 | employee_reimbursement | 186.40 | inflow | reimbursement | Employer | Reimbursement for approved travel costs.
Faris Mahmood,FMR000098,2026-05-19,business_sale_income,$363.90,inflow,income,Online Customer,Ordinary permissible product sale,FM_CHQ_BUSINESS,business,posted,,,,,,2026-05-19 | business_sale_income | 363.90 | inflow | income | Online Customer | Ordinary permissible product sale
Faris Mahmood,FMR000129,2026-05-19,tip_income,$24.51,inflow,income,Customer Tips,Tips from permissible work,FM_CHQ_PERSONAL,personal,posted,,,,,,2026-05-19 | tip_income | 24.51 | inflow | income | Customer Tips | Tips from permissible work
Faris Mahmood,FMR000356,2026-05-19,tip_income,$99.36,inflow,income,Customer Tips,Tips from permissible work,FM_CHQ_PERSONAL,personal,posted,,,,,,2026-05-19 | tip_income | 99.36 | inflow | income | Customer Tips | Tips from permissible work
Faris Mahmood,FMR000426,2026-05-19,rental_income,$658.15,inflow,income,Tenant,Residential rent payment,FM_CHQ_PERSONAL,personal,posted,,,,,,2026-05-19 | rental_income | 658.15 | inflow | income | Tenant | Residential rent payment
Faris Mahmood,FMR000518,2026-05-19,phone_bill,$116.84,outflow,expense,Mobile Provider,Monthly phone bill,FM_VISA_PERSONAL,personal,posted,,,,,,2026-05-19 | phone_bill | 116.84 | outflow | expense | Mobile Provider | Monthly phone bill
Faris Mahmood,FMR000029,2026-05-20,business_supplies,$40.06,outflow,expense,Office Supplier,Business supplies purchase,FM_CHQ_BUSINESS,business,posted,,,,,,2026-05-20 | business_supplies | 40.06 | outflow | expense | Office Supplier | Business supplies purchase
Faris Mahmood,FMR000531,2026-05-20,transportation,$47.95,outflow,expense,Transit / Fuel,Transportation expense,FM_VISA_PERSONAL,personal,posted,,,,,,2026-05-20 | transportation | 47.95 | outflow | expense | Transit / Fuel | Transportation expense
Faris Mahmood,FMR000552,2026-05-21,groceries,$134.68,outflow,expense,Local Grocer,Household grocery purchase,FM_VISA_PERSONAL,personal,posted,,,,,,2026-05-21 | groceries | 134.68 | outflow | expense | Local Grocer | Household grocery purchase
Faris Mahmood,FMR000372,2026-05-22,freelance_income,$219.18,inflow,income,Freelance Client,Freelance professional work payment,FM_CHQ_PERSONAL,personal,posted,,,,,,2026-05-22 | freelance_income | 219.18 | inflow | income | Freelance Client | Freelance professional work payment
Faris Mahmood,FMR000462,2026-05-23,personal_spending,$117.16,outflow,expense,Retail Store,Personal spending,FM_VISA_PERSONAL,personal,posted,,,,,,2026-05-23 | personal_spending | 117.16 | outflow | expense | Retail Store | Personal spending
Faris Mahmood,FMR000042,2026-05-25,groceries,$57.90,outflow,expense,Local Grocer,Household grocery purchase,FM_VISA_PERSONAL,personal,posted,,,,,,2026-05-25 | groceries | 57.90 | outflow | expense | Local Grocer | Household grocery purchase
Faris Mahmood,FMR000010,2026-05-26,salary_income,"$3,550.00",inflow,income,Employer Payroll,Monthly employment salary,FM_CHQ_PERSONAL,personal,posted,,,,,,2026-05-26 | salary_income | 3550.00 | inflow | income | Employer Payroll | Monthly employment salary
Faris Mahmood,FMR000072,2026-05-26,business_sale_income,$367.89,inflow,income,Online Customer,Ordinary permissible product sale,FM_CHQ_BUSINESS,business,posted,,,,,,2026-05-26 | business_sale_income | 367.89 | inflow | income | Online Customer | Ordinary permissible product sale
Faris Mahmood,FMR000302,2026-05-27,personal_spending,$96.97,outflow,expense,Retail Store,Personal spending,FM_VISA_PERSONAL,personal,posted,,,,,,2026-05-27 | personal_spending | 96.97 | outflow | expense | Retail Store | Personal spending
Faris Mahmood,FMR000512,2026-05-27,business_supplies,$189.80,outflow,expense,Office Supplier,Business supplies purchase,FM_CHQ_BUSINESS,business,posted,,,,,,2026-05-27 | business_supplies | 189.80 | outflow | expense | Office Supplier | Business supplies purchase
Faris Mahmood,FMR000516,2026-05-27,software_subscription,$13.67,outflow,expense,Software Vendor,Software subscription,FM_CHQ_BUSINESS,business,posted,,,,,,2026-05-27 | software_subscription | 13.67 | outflow | expense | Software Vendor | Software subscription
Faris Mahmood,FMR000102,2026-05-28,business_supplies,$31.40,outflow,expense,Office Supplier,Business supplies purchase,FM_CHQ_BUSINESS,business,posted,,,,,,2026-05-28 | business_supplies | 31.40 | outflow | expense | Office Supplier | Business supplies purchase
Faris Mahmood,FMR000480,2026-05-28,business_supplies,$127.40,outflow,expense,Office Supplier,Business supplies purchase,FM_CHQ_BUSINESS,business,posted,,,,,,2026-05-28 | business_supplies | 127.40 | outflow | expense | Office Supplier | Business supplies purchase
Faris Mahmood,FMS0035,2026-05-28,tax_refund,$740.00,inflow,adjustment,CRA,Income tax refund.,FM_CHQ_PERSONAL,personal,posted,,,,,,2026-05-28 | tax_refund | 740.00 | inflow | adjustment | CRA | Income tax refund.
Faris Mahmood,FMR000310,2026-05-30,transportation,$71.60,outflow,expense,Transit / Fuel,Transportation expense,FM_VISA_PERSONAL,personal,posted,,,,,,2026-05-30 | transportation | 71.60 | outflow | expense | Transit / Fuel | Transportation expense
Faris Mahmood,FMR000472,2026-05-30,personal_spending,$136.87,outflow,expense,Retail Store,Personal spending,FM_VISA_PERSONAL,personal,posted,,,,,,2026-05-30 | personal_spending | 136.87 | outflow | expense | Retail Store | Personal spending
Faris Mahmood,FMR000554,2026-05-30,transportation,$59.65,outflow,expense,Transit / Fuel,Transportation expense,FM_VISA_PERSONAL,personal,posted,,,,,,2026-05-30 | transportation | 59.65 | outflow | expense | Transit / Fuel | Transportation expense
Faris Mahmood,FMR000578,2026-05-30,personal_spending,$148.88,outflow,expense,Retail Store,Personal spending,FM_VISA_PERSONAL,personal,posted,,,,,,2026-05-30 | personal_spending | 148.88 | outflow | expense | Retail Store | Personal spending
Faris Mahmood,FMR000587,2026-06-01,electricity_bill,$72.89,outflow,expense,Electric Utility,Monthly electricity bill,FM_VISA_PERSONAL,personal,posted,,,,,,2026-06-01 | electricity_bill | 72.89 | outflow | expense | Electric Utility | Monthly electricity bill
Faris Mahmood,FMR000198,2026-06-02,business_advertising,$120.43,outflow,expense,Ad Platform,Business advertising expense,FM_CHQ_BUSINESS,business,posted,,,,,,2026-06-02 | business_advertising | 120.43 | outflow | expense | Ad Platform | Business advertising expense
Faris Mahmood,FMR000235,2026-06-02,software_subscription,$24.69,outflow,expense,Software Vendor,Software subscription,FM_CHQ_BUSINESS,business,posted,,,,,,2026-06-02 | software_subscription | 24.69 | outflow | expense | Software Vendor | Software subscription
Faris Mahmood,FMR000547,2026-06-02,personal_spending,$39.53,outflow,expense,Retail Store,Personal spending,FM_VISA_PERSONAL,personal,posted,,,,,,2026-06-02 | personal_spending | 39.53 | outflow | expense | Retail Store | Personal spending
Faris Mahmood,FMR000209,2026-06-03,transportation,$79.49,outflow,expense,Transit / Fuel,Transportation expense,FM_VISA_PERSONAL,personal,posted,,,,,,2026-06-03 | transportation | 79.49 | outflow | expense | Transit / Fuel | Transportation expense
Faris Mahmood,FMR000246,2026-06-03,tip_income,$110.84,inflow,income,Customer Tips,Tips from permissible work,FM_CHQ_PERSONAL,personal,posted,,,,,,2026-06-03 | tip_income | 110.84 | inflow | income | Customer Tips | Tips from permissible work
Faris Mahmood,FMR000276,2026-06-03,phone_bill,$95.90,outflow,expense,Mobile Provider,Monthly phone bill,FM_VISA_PERSONAL,personal,posted,,,,,,2026-06-03 | phone_bill | 95.90 | outflow | expense | Mobile Provider | Monthly phone bill
Faris Mahmood,FMR000417,2026-06-03,tip_income,$22.01,inflow,income,Customer Tips,Tips from permissible work,FM_CHQ_PERSONAL,personal,posted,,,,,,2026-06-03 | tip_income | 22.01 | inflow | income | Customer Tips | Tips from permissible work
Faris Mahmood,FMR000476,2026-06-03,business_sale_income,$117.95,inflow,income,Online Customer,Ordinary permissible product sale,FM_CHQ_BUSINESS,business,posted,,,,,,2026-06-03 | business_sale_income | 117.95 | inflow | income | Online Customer | Ordinary permissible product sale
Faris Mahmood,FMS0036,2026-06-03,insurance_proceeds,"$1,150.00",inflow,adjustment,Insurance Company,Insurance reimbursement for damaged personal property.,FM_CHQ_PERSONAL,personal,posted,,,,,,2026-06-03 | insurance_proceeds | 1150.00 | inflow | adjustment | Insurance Company | Insurance reimbursement for damaged personal property.
Faris Mahmood,FMR000041,2026-06-04,tip_income,$41.35,inflow,income,Customer Tips,Tips from permissible work,FM_CHQ_PERSONAL,personal,posted,,,,,,2026-06-04 | tip_income | 41.35 | inflow | income | Customer Tips | Tips from permissible work
Faris Mahmood,FMR000152,2026-06-05,rental_income,"$1,505.21",inflow,income,Tenant,Residential rent payment,FM_CHQ_PERSONAL,personal,posted,,,,,,2026-06-05 | rental_income | 1505.21 | inflow | income | Tenant | Residential rent payment
Faris Mahmood,FMR000150,2026-06-06,restaurant_meal,$84.73,outflow,expense,Local Restaurant,Restaurant meal,FM_VISA_PERSONAL,personal,posted,,,,,,2026-06-06 | restaurant_meal | 84.73 | outflow | expense | Local Restaurant | Restaurant meal
Faris Mahmood,FMR000321,2026-06-06,transportation,$77.90,outflow,expense,Transit / Fuel,Transportation expense,FM_VISA_PERSONAL,personal,posted,,,,,,2026-06-06 | transportation | 77.90 | outflow | expense | Transit / Fuel | Transportation expense
Faris Mahmood,FMR000319,2026-06-07,business_supplies,$51.03,outflow,expense,Office Supplier,Business supplies purchase,FM_CHQ_BUSINESS,business,posted,,,,,,2026-06-07 | business_supplies | 51.03 | outflow | expense | Office Supplier | Business supplies purchase
Faris Mahmood,FMR000486,2026-06-08,tip_income,$95.72,inflow,income,Customer Tips,Tips from permissible work,FM_CHQ_PERSONAL,personal,posted,,,,,,2026-06-08 | tip_income | 95.72 | inflow | income | Customer Tips | Tips from permissible work
Faris Mahmood,FMS0032,2026-06-08,loan_repayment,$500.00,outflow,loan_repayment,Family Lender,Partial repayment of personal loan.,FM_CHQ_PERSONAL,personal,posted,,,,FMS0031,,2026-06-08 | loan_repayment | 500.00 | outflow | loan_repayment | Family Lender | Partial repayment of personal loan.
Faris Mahmood,FMR000239,2026-06-10,rental_income,"$1,140.38",inflow,income,Tenant,Residential rent payment,FM_CHQ_PERSONAL,personal,posted,,,,,,2026-06-10 | rental_income | 1140.38 | inflow | income | Tenant | Residential rent payment
Faris Mahmood,FMR000291,2026-06-13,transportation,$49.37,outflow,expense,Transit / Fuel,Transportation expense,FM_VISA_PERSONAL,personal,posted,,,,,,2026-06-13 | transportation | 49.37 | outflow | expense | Transit / Fuel | Transportation expense
Faris Mahmood,FMR000405,2026-06-13,phone_bill,$88.90,outflow,expense,Mobile Provider,Monthly phone bill,FM_VISA_PERSONAL,personal,posted,,,,,,2026-06-13 | phone_bill | 88.90 | outflow | expense | Mobile Provider | Monthly phone bill
Faris Mahmood,FMR000506,2026-06-14,transportation,$53.56,outflow,expense,Transit / Fuel,Transportation expense,FM_VISA_PERSONAL,personal,posted,,,,,,2026-06-14 | transportation | 53.56 | outflow | expense | Transit / Fuel | Transportation expense
Faris Mahmood,FMR000053,2026-06-15,personal_spending,$107.60,outflow,expense,Retail Store,Personal spending,FM_VISA_PERSONAL,personal,posted,,,,,,2026-06-15 | personal_spending | 107.60 | outflow | expense | Retail Store | Personal spending
Faris Mahmood,FMR000116,2026-06-15,business_supplies,$90.58,outflow,expense,Office Supplier,Business supplies purchase,FM_CHQ_BUSINESS,business,posted,,,,,,2026-06-15 | business_supplies | 90.58 | outflow | expense | Office Supplier | Business supplies purchase
Faris Mahmood,FMS0037,2026-06-16,stock_dividend_income,$125.00,inflow,income,Brokerage,Dividend from screened listed shares.,FM_INVESTMENT,personal,posted,,,,,,2026-06-16 | stock_dividend_income | 125.00 | inflow | income | Brokerage | Dividend from screened listed shares.
Faris Mahmood,FMR000170,2026-06-17,phone_bill,$94.94,outflow,expense,Mobile Provider,Monthly phone bill,FM_VISA_PERSONAL,personal,posted,,,,,,2026-06-17 | phone_bill | 94.94 | outflow | expense | Mobile Provider | Monthly phone bill
Faris Mahmood,FMR000243,2026-06-19,software_subscription,$46.59,outflow,expense,Software Vendor,Software subscription,FM_CHQ_BUSINESS,business,posted,,,,,,2026-06-19 | software_subscription | 46.59 | outflow | expense | Software Vendor | Software subscription
Faris Mahmood,FMR000275,2026-06-19,rental_income,"$1,472.02",inflow,income,Tenant,Residential rent payment,FM_CHQ_PERSONAL,personal,posted,,,,,,2026-06-19 | rental_income | 1472.02 | inflow | income | Tenant | Residential rent payment
Faris Mahmood,FMR000529,2026-06-19,phone_bill,$77.87,outflow,expense,Mobile Provider,Monthly phone bill,FM_VISA_PERSONAL,personal,posted,,,,,,2026-06-19 | phone_bill | 77.87 | outflow | expense | Mobile Provider | Monthly phone bill
Faris Mahmood,FMR000562,2026-06-19,rental_income,"$1,248.82",inflow,income,Tenant,Residential rent payment,FM_CHQ_PERSONAL,personal,posted,,,,,,2026-06-19 | rental_income | 1248.82 | inflow | income | Tenant | Residential rent payment
Faris Mahmood,FMR000132,2026-06-21,transportation,$57.86,outflow,expense,Transit / Fuel,Transportation expense,FM_VISA_PERSONAL,personal,posted,,,,,,2026-06-21 | transportation | 57.86 | outflow | expense | Transit / Fuel | Transportation expense
Faris Mahmood,FMR000200,2026-06-21,software_subscription,$43.08,outflow,expense,Software Vendor,Software subscription,FM_CHQ_BUSINESS,business,posted,,,,,,2026-06-21 | software_subscription | 43.08 | outflow | expense | Software Vendor | Software subscription
Faris Mahmood,FMR000322,2026-06-21,phone_bill,$81.21,outflow,expense,Mobile Provider,Monthly phone bill,FM_VISA_PERSONAL,personal,posted,,,,,,2026-06-21 | phone_bill | 81.21 | outflow | expense | Mobile Provider | Monthly phone bill
Faris Mahmood,FMR000355,2026-06-21,transportation,$76.77,outflow,expense,Transit / Fuel,Transportation expense,FM_VISA_PERSONAL,personal,posted,,,,,,2026-06-21 | transportation | 76.77 | outflow | expense | Transit / Fuel | Transportation expense
Faris Mahmood,FMR000527,2026-06-21,business_advertising,$106.22,outflow,expense,Ad Platform,Business advertising expense,FM_CHQ_BUSINESS,business,posted,,,,,,2026-06-21 | business_advertising | 106.22 | outflow | expense | Ad Platform | Business advertising expense
Faris Mahmood,FMR000550,2026-06-22,electricity_bill,$156.61,outflow,expense,Electric Utility,Monthly electricity bill,FM_VISA_PERSONAL,personal,posted,,,,,,2026-06-22 | electricity_bill | 156.61 | outflow | expense | Electric Utility | Monthly electricity bill
Faris Mahmood,FMR000131,2026-06-23,tip_income,$36.14,inflow,income,Customer Tips,Tips from permissible work,FM_CHQ_PERSONAL,personal,posted,,,,,,2026-06-23 | tip_income | 36.14 | inflow | income | Customer Tips | Tips from permissible work
Faris Mahmood,FMR000501,2026-06-23,transportation,$98.79,outflow,expense,Transit / Fuel,Transportation expense,FM_VISA_PERSONAL,personal,posted,,,,,,2026-06-23 | transportation | 98.79 | outflow | expense | Transit / Fuel | Transportation expense
Faris Mahmood,FMR000504,2026-06-23,personal_spending,$86.39,outflow,expense,Retail Store,Personal spending,FM_VISA_PERSONAL,personal,posted,,,,,,2026-06-23 | personal_spending | 86.39 | outflow | expense | Retail Store | Personal spending
Faris Mahmood,FMR000133,2026-06-24,rental_income,$973.62,inflow,income,Tenant,Residential rent payment,FM_CHQ_PERSONAL,personal,posted,,,,,,2026-06-24 | rental_income | 973.62 | inflow | income | Tenant | Residential rent payment
Faris Mahmood,FMR000383,2026-06-24,rental_income,"$1,654.28",inflow,income,Tenant,Residential rent payment,FM_CHQ_PERSONAL,personal,posted,,,,,,2026-06-24 | rental_income | 1654.28 | inflow | income | Tenant | Residential rent payment
Faris Mahmood,FMR000436,2026-06-24,restaurant_meal,$25.94,outflow,expense,Local Restaurant,Restaurant meal,FM_VISA_PERSONAL,personal,posted,,,,,,2026-06-24 | restaurant_meal | 25.94 | outflow | expense | Local Restaurant | Restaurant meal
Faris Mahmood,FMR000011,2026-06-25,salary_income,"$3,550.00",inflow,income,Employer Payroll,Monthly employment salary,FM_CHQ_PERSONAL,personal,posted,,,,,,2026-06-25 | salary_income | 3550.00 | inflow | income | Employer Payroll | Monthly employment salary
Faris Mahmood,FMR000114,2026-06-25,personal_spending,$55.33,outflow,expense,Retail Store,Personal spending,FM_VISA_PERSONAL,personal,posted,,,,,,2026-06-25 | personal_spending | 55.33 | outflow | expense | Retail Store | Personal spending
Faris Mahmood,FMR000435,2026-06-25,tip_income,$19.79,inflow,income,Customer Tips,Tips from permissible work,FM_CHQ_PERSONAL,personal,posted,,,,,,2026-06-25 | tip_income | 19.79 | inflow | income | Customer Tips | Tips from permissible work
Faris Mahmood,FMR000446,2026-06-25,business_supplies,$125.30,outflow,expense,Office Supplier,Business supplies purchase,FM_CHQ_BUSINESS,business,posted,,,,,,2026-06-25 | business_supplies | 125.30 | outflow | expense | Office Supplier | Business supplies purchase
Faris Mahmood,FMR000466,2026-06-26,transportation,$10.95,outflow,expense,Transit / Fuel,Transportation expense,FM_VISA_PERSONAL,personal,posted,,,,,,2026-06-26 | transportation | 10.95 | outflow | expense | Transit / Fuel | Transportation expense
Faris Mahmood,FMR000493,2026-06-26,groceries,$117.33,outflow,expense,Local Grocer,Household grocery purchase,FM_VISA_PERSONAL,personal,posted,,,,,,2026-06-26 | groceries | 117.33 | outflow | expense | Local Grocer | Household grocery purchase
Faris Mahmood,FMR000094,2026-06-27,rental_income,"$1,750.02",inflow,income,Tenant,Residential rent payment,FM_CHQ_PERSONAL,personal,posted,,,,,,2026-06-27 | rental_income | 1750.02 | inflow | income | Tenant | Residential rent payment
Faris Mahmood,FMR000227,2026-06-27,rental_income,$856.61,inflow,income,Tenant,Residential rent payment,FM_CHQ_PERSONAL,personal,posted,,,,,,2026-06-27 | rental_income | 856.61 | inflow | income | Tenant | Residential rent payment
Faris Mahmood,FMR000317,2026-06-27,tip_income,$96.98,inflow,income,Customer Tips,Tips from permissible work,FM_CHQ_PERSONAL,personal,posted,,,,,,2026-06-27 | tip_income | 96.98 | inflow | income | Customer Tips | Tips from permissible work
Faris Mahmood,FMR000419,2026-06-28,business_supplies,$188.57,outflow,expense,Office Supplier,Business supplies purchase,FM_CHQ_BUSINESS,business,posted,,,,,,2026-06-28 | business_supplies | 188.57 | outflow | expense | Office Supplier | Business supplies purchase
Faris Mahmood,FMS0038,2026-06-28,stock_sale_proceeds,"$2,400.00",inflow,asset_sale,Brokerage,Sale proceeds from screened listed shares; cost basis 2050 CAD.,FM_INVESTMENT,personal,posted,,,2050,,,2026-06-28 | stock_sale_proceeds | 2400.00 | inflow | asset_sale | Brokerage | Sale proceeds from screened listed shares; cost basis 2050 CAD.
Faris Mahmood,FMR000080,2026-06-29,software_subscription,$51.30,outflow,expense,Software Vendor,Software subscription,FM_CHQ_BUSINESS,business,posted,,,,,,2026-06-29 | software_subscription | 51.30 | outflow | expense | Software Vendor | Software subscription
Faris Mahmood,FMR000386,2026-06-30,business_supplies,$24.70,outflow,expense,Office Supplier,Business supplies purchase,FM_CHQ_BUSINESS,business,posted,,,,,,2026-06-30 | business_supplies | 24.70 | outflow | expense | Office Supplier | Business supplies purchase
Faris Mahmood,FMR000413,2026-06-30,business_sale_income,$88.87,inflow,income,Online Customer,Ordinary permissible product sale,FM_CHQ_BUSINESS,business,posted,,,,,,2026-06-30 | business_sale_income | 88.87 | inflow | income | Online Customer | Ordinary permissible product sale
Faris Mahmood,FMR000274,2026-07-01,business_supplies,$97.95,outflow,expense,Office Supplier,Business supplies purchase,FM_CHQ_BUSINESS,business,posted,,,,,,2026-07-01 | business_supplies | 97.95 | outflow | expense | Office Supplier | Business supplies purchase
Faris Mahmood,FMR000447,2026-07-01,transportation,$97.30,outflow,expense,Transit / Fuel,Transportation expense,FM_VISA_PERSONAL,personal,posted,,,,,,2026-07-01 | transportation | 97.30 | outflow | expense | Transit / Fuel | Transportation expense
Faris Mahmood,FMR000456,2026-07-01,tip_income,$29.40,inflow,income,Customer Tips,Tips from permissible work,FM_CHQ_PERSONAL,personal,posted,,,,,,2026-07-01 | tip_income | 29.40 | inflow | income | Customer Tips | Tips from permissible work
Faris Mahmood,FMR000579,2026-07-01,freelance_income,$132.69,inflow,income,Freelance Client,Freelance professional work payment,FM_CHQ_PERSONAL,personal,posted,,,,,,2026-07-01 | freelance_income | 132.69 | inflow | income | Freelance Client | Freelance professional work payment
Faris Mahmood,FMR000287,2026-07-02,freelance_income,$472.47,inflow,income,Freelance Client,Freelance professional work payment,FM_CHQ_PERSONAL,personal,posted,,,,,,2026-07-02 | freelance_income | 472.47 | inflow | income | Freelance Client | Freelance professional work payment
Faris Mahmood,FMR000185,2026-07-03,phone_bill,$106.68,outflow,expense,Mobile Provider,Monthly phone bill,FM_VISA_PERSONAL,personal,posted,,,,,,2026-07-03 | phone_bill | 106.68 | outflow | expense | Mobile Provider | Monthly phone bill
Faris Mahmood,FMS0039,2026-07-03,inventory_purchase,$675.00,outflow,asset_purchase,Wholesale Supplier,Permissible inventory purchased for resale.,FM_VISA_BUSINESS,business,posted,,,,,,2026-07-03 | inventory_purchase | 675.00 | outflow | asset_purchase | Wholesale Supplier | Permissible inventory purchased for resale.
Faris Mahmood,FMR000028,2026-07-04,business_supplies,$94.18,outflow,expense,Office Supplier,Business supplies purchase,FM_CHQ_BUSINESS,business,posted,,,,,,2026-07-04 | business_supplies | 94.18 | outflow | expense | Office Supplier | Business supplies purchase
Faris Mahmood,FMR000107,2026-07-04,personal_spending,$169.82,outflow,expense,Retail Store,Personal spending,FM_VISA_PERSONAL,personal,posted,,,,,,2026-07-04 | personal_spending | 169.82 | outflow | expense | Retail Store | Personal spending
Faris Mahmood,FMR000147,2026-07-04,software_subscription,$75.93,outflow,expense,Software Vendor,Software subscription,FM_CHQ_BUSINESS,business,posted,,,,,,2026-07-04 | software_subscription | 75.93 | outflow | expense | Software Vendor | Software subscription
Faris Mahmood,FMR000206,2026-07-05,freelance_income,$237.41,inflow,income,Freelance Client,Freelance professional work payment,FM_CHQ_PERSONAL,personal,posted,,,,,,2026-07-05 | freelance_income | 237.41 | inflow | income | Freelance Client | Freelance professional work payment
Faris Mahmood,FMR000523,2026-07-05,business_advertising,$99.00,outflow,expense,Ad Platform,Business advertising expense,FM_CHQ_BUSINESS,business,posted,,,,,,2026-07-05 | business_advertising | 99.00 | outflow | expense | Ad Platform | Business advertising expense
Faris Mahmood,FMR000263,2026-07-06,personal_spending,$153.68,outflow,expense,Retail Store,Personal spending,FM_VISA_PERSONAL,personal,posted,,,,,,2026-07-06 | personal_spending | 153.68 | outflow | expense | Retail Store | Personal spending
Faris Mahmood,FMR000363,2026-07-06,electricity_bill,$138.21,outflow,expense,Electric Utility,Monthly electricity bill,FM_VISA_PERSONAL,personal,posted,,,,,,2026-07-06 | electricity_bill | 138.21 | outflow | expense | Electric Utility | Monthly electricity bill
Faris Mahmood,FMR000157,2026-07-07,personal_spending,$62.31,outflow,expense,Retail Store,Personal spending,FM_VISA_PERSONAL,personal,posted,,,,,,2026-07-07 | personal_spending | 62.31 | outflow | expense | Retail Store | Personal spending
Faris Mahmood,FMR000517,2026-07-07,freelance_income,$191.66,inflow,income,Freelance Client,Freelance professional work payment,FM_CHQ_PERSONAL,personal,posted,,,,,,2026-07-07 | freelance_income | 191.66 | inflow | income | Freelance Client | Freelance professional work payment
Faris Mahmood,FMR000016,2026-07-08,interest_income,$25.50,inflow,income,Bank,Savings account interest credit,FM_SAVINGS,personal,posted,,,,,,2026-07-08 | interest_income | 25.50 | inflow | income | Bank | Savings account interest credit
Faris Mahmood,FMR000144,2026-07-08,transportation,$103.38,outflow,expense,Transit / Fuel,Transportation expense,FM_VISA_PERSONAL,personal,posted,,,,,,2026-07-08 | transportation | 103.38 | outflow | expense | Transit / Fuel | Transportation expense
Faris Mahmood,FMR000525,2026-07-09,electricity_bill,$108.09,outflow,expense,Electric Utility,Monthly electricity bill,FM_VISA_PERSONAL,personal,posted,,,,,,2026-07-09 | electricity_bill | 108.09 | outflow | expense | Electric Utility | Monthly electricity bill
Faris Mahmood,FMR000364,2026-07-10,phone_bill,$90.06,outflow,expense,Mobile Provider,Monthly phone bill,FM_VISA_PERSONAL,personal,posted,,,,,,2026-07-10 | phone_bill | 90.06 | outflow | expense | Mobile Provider | Monthly phone bill
Faris Mahmood,FMR000564,2026-07-11,software_subscription,$14.57,outflow,expense,Software Vendor,Software subscription,FM_CHQ_BUSINESS,business,posted,,,,,,2026-07-11 | software_subscription | 14.57 | outflow | expense | Software Vendor | Software subscription
Faris Mahmood,FMS0040,2026-07-11,crypto_purchase,$900.00,outflow,asset_purchase,Crypto Exchange,Crypto asset purchase.,FM_CHQ_PERSONAL,personal,posted,,,,,,2026-07-11 | crypto_purchase | 900.00 | outflow | asset_purchase | Crypto Exchange | Crypto asset purchase.
Faris Mahmood,FMR000205,2026-07-12,phone_bill,$50.49,outflow,expense,Mobile Provider,Monthly phone bill,FM_VISA_PERSONAL,personal,posted,,,,,,2026-07-12 | phone_bill | 50.49 | outflow | expense | Mobile Provider | Monthly phone bill
Faris Mahmood,FMR000040,2026-07-15,freelance_income,$205.24,inflow,income,Freelance Client,Freelance professional work payment,FM_CHQ_PERSONAL,personal,posted,,,,,,2026-07-15 | freelance_income | 205.24 | inflow | income | Freelance Client | Freelance professional work payment
Faris Mahmood,FMR000326,2026-07-15,transportation,$48.68,outflow,expense,Transit / Fuel,Transportation expense,FM_VISA_PERSONAL,personal,posted,,,,,,2026-07-15 | transportation | 48.68 | outflow | expense | Transit / Fuel | Transportation expense
Faris Mahmood,FMR000187,2026-07-18,personal_spending,$130.99,outflow,expense,Retail Store,Personal spending,FM_VISA_PERSONAL,personal,posted,,,,,,2026-07-18 | personal_spending | 130.99 | outflow | expense | Retail Store | Personal spending
Faris Mahmood,FMR000596,2026-07-18,business_sale_income,$157.53,inflow,income,Online Customer,Ordinary permissible product sale,FM_CHQ_BUSINESS,business,posted,,,,,,2026-07-18 | business_sale_income | 157.53 | inflow | income | Online Customer | Ordinary permissible product sale
Faris Mahmood,FMR000069,2026-07-19,freelance_income,$142.82,inflow,income,Freelance Client,Freelance professional work payment,FM_CHQ_PERSONAL,personal,posted,,,,,,2026-07-19 | freelance_income | 142.82 | inflow | income | Freelance Client | Freelance professional work payment
Faris Mahmood,FMR000414,2026-07-19,freelance_income,$854.46,inflow,income,Freelance Client,Freelance professional work payment,FM_CHQ_PERSONAL,personal,posted,,,,,,2026-07-19 | freelance_income | 854.46 | inflow | income | Freelance Client | Freelance professional work payment
Faris Mahmood,FMS0041,2026-07-19,equipment_purchase,$650.00,outflow,asset_purchase,Electronics Store,Laptop purchased for personal use.,FM_VISA_PERSONAL,personal,posted,,,,,,2026-07-19 | equipment_purchase | 650.00 | outflow | asset_purchase | Electronics Store | Laptop purchased for personal use.
Faris Mahmood,FMR000032,2026-07-20,groceries,$76.39,outflow,expense,Local Grocer,Household grocery purchase,FM_VISA_PERSONAL,personal,posted,,,,,,2026-07-20 | groceries | 76.39 | outflow | expense | Local Grocer | Household grocery purchase
Faris Mahmood,FMR000408,2026-07-20,electricity_bill,$122.38,outflow,expense,Electric Utility,Monthly electricity bill,FM_VISA_PERSONAL,personal,posted,,,,,,2026-07-20 | electricity_bill | 122.38 | outflow | expense | Electric Utility | Monthly electricity bill
Faris Mahmood,FMR000411,2026-07-20,business_sale_income,$190.29,inflow,income,Online Customer,Ordinary permissible product sale,FM_CHQ_BUSINESS,business,posted,,,,,,2026-07-20 | business_sale_income | 190.29 | inflow | income | Online Customer | Ordinary permissible product sale
Faris Mahmood,FMR000279,2026-07-21,business_advertising,$191.35,outflow,expense,Ad Platform,Business advertising expense,FM_CHQ_BUSINESS,business,posted,,,,,,2026-07-21 | business_advertising | 191.35 | outflow | expense | Ad Platform | Business advertising expense
Faris Mahmood,FMR000463,2026-07-22,personal_spending,$74.98,outflow,expense,Retail Store,Personal spending,FM_VISA_PERSONAL,personal,posted,,,,,,2026-07-22 | personal_spending | 74.98 | outflow | expense | Retail Store | Personal spending
Faris Mahmood,FMR000119,2026-07-23,freelance_income,$896.68,inflow,income,Freelance Client,Freelance professional work payment,FM_CHQ_PERSONAL,personal,posted,,,,,,2026-07-23 | freelance_income | 896.68 | inflow | income | Freelance Client | Freelance professional work payment
Faris Mahmood,FMR000538,2026-07-24,personal_spending,$136.81,outflow,expense,Retail Store,Personal spending,FM_VISA_PERSONAL,personal,posted,,,,,,2026-07-24 | personal_spending | 136.81 | outflow | expense | Retail Store | Personal spending
Faris Mahmood,FMS0042,2026-07-24,security_deposit_return,"$1,200.00",inflow,deposit_return,Former Landlord,Return of refundable rental security deposit.,FM_CHQ_PERSONAL,personal,posted,,,,,,2026-07-24 | security_deposit_return | 1200.00 | inflow | deposit_return | Former Landlord | Return of refundable rental security deposit.
Faris Mahmood,FMR000012,2026-07-25,salary_income,"$3,550.00",inflow,income,Employer Payroll,Monthly employment salary,FM_CHQ_PERSONAL,personal,posted,,,,,,2026-07-25 | salary_income | 3550.00 | inflow | income | Employer Payroll | Monthly employment salary
Faris Mahmood,FMR000047,2026-07-25,tip_income,$103.50,inflow,income,Customer Tips,Tips from permissible work,FM_CHQ_PERSONAL,personal,posted,,,,,,2026-07-25 | tip_income | 103.50 | inflow | income | Customer Tips | Tips from permissible work
Faris Mahmood,FMR000394,2026-07-25,tip_income,$12.06,inflow,income,Customer Tips,Tips from permissible work,FM_CHQ_PERSONAL,personal,posted,,,,,,2026-07-25 | tip_income | 12.06 | inflow | income | Customer Tips | Tips from permissible work
Faris Mahmood,FMR000482,2026-07-25,tip_income,$82.90,inflow,income,Customer Tips,Tips from permissible work,FM_CHQ_PERSONAL,personal,posted,,,,,,2026-07-25 | tip_income | 82.90 | inflow | income | Customer Tips | Tips from permissible work
Faris Mahmood,FMR000492,2026-07-25,business_sale_income,$75.93,inflow,income,Online Customer,Ordinary permissible product sale,FM_CHQ_BUSINESS,business,posted,,,,,,2026-07-25 | business_sale_income | 75.93 | inflow | income | Online Customer | Ordinary permissible product sale
Faris Mahmood,FMH006,2026-07-26,prohibited_product_commission,$225.00,inflow,income,Alcohol Retail Affiliate,Commission earned for referring alcohol-product sales,FM_CHQ_PERSONAL,personal,posted,,,,,,2026-07-26 | prohibited_product_commission | 225.00 | inflow | income | Alcohol Retail Affiliate | Commission earned for referring alcohol-product sales
Faris Mahmood,FMR000277,2026-07-26,tip_income,$100.60,inflow,income,Customer Tips,Tips from permissible work,FM_CHQ_PERSONAL,personal,posted,,,,,,2026-07-26 | tip_income | 100.60 | inflow | income | Customer Tips | Tips from permissible work
Faris Mahmood,FMR000570,2026-07-26,groceries,$46.97,outflow,expense,Local Grocer,Household grocery purchase,FM_VISA_PERSONAL,personal,posted,,,,,,2026-07-26 | groceries | 46.97 | outflow | expense | Local Grocer | Household grocery purchase
Faris Mahmood,FMR000057,2026-07-27,business_sale_income,$119.45,inflow,income,Online Customer,Ordinary permissible product sale,FM_CHQ_BUSINESS,business,posted,,,,,,2026-07-27 | business_sale_income | 119.45 | inflow | income | Online Customer | Ordinary permissible product sale
Faris Mahmood,FMR000186,2026-07-27,tip_income,$65.00,inflow,income,Customer Tips,Tips from permissible work,FM_CHQ_PERSONAL,personal,posted,,,,,,2026-07-27 | tip_income | 65.00 | inflow | income | Customer Tips | Tips from permissible work
Faris Mahmood,FMR000583,2026-07-27,business_sale_income,$336.74,inflow,income,Online Customer,Ordinary permissible product sale,FM_CHQ_BUSINESS,business,posted,,,,,,2026-07-27 | business_sale_income | 336.74 | inflow | income | Online Customer | Ordinary permissible product sale
Faris Mahmood,FMR000194,2026-07-28,rental_income,"$1,562.27",inflow,income,Tenant,Residential rent payment,FM_CHQ_PERSONAL,personal,posted,,,,,,2026-07-28 | rental_income | 1562.27 | inflow | income | Tenant | Residential rent payment
Faris Mahmood,FMR000432,2026-07-28,business_supplies,$95.56,outflow,expense,Office Supplier,Business supplies purchase,FM_CHQ_BUSINESS,business,posted,,,,,,2026-07-28 | business_supplies | 95.56 | outflow | expense | Office Supplier | Business supplies purchase
Faris Mahmood,FMR000606,2026-07-28,personal_spending,$60.85,outflow,expense,Retail Store,Personal spending,FM_VISA_PERSONAL,personal,posted,,,,,,2026-07-28 | personal_spending | 60.85 | outflow | expense | Retail Store | Personal spending
Faris Mahmood,FMR000096,2026-07-29,business_advertising,$240.82,outflow,expense,Ad Platform,Business advertising expense,FM_CHQ_BUSINESS,business,posted,,,,,,2026-07-29 | business_advertising | 240.82 | outflow | expense | Ad Platform | Business advertising expense
Faris Mahmood,FMR000254,2026-07-29,tip_income,$14.67,inflow,income,Customer Tips,Tips from permissible work,FM_CHQ_PERSONAL,personal,posted,,,,,,2026-07-29 | tip_income | 14.67 | inflow | income | Customer Tips | Tips from permissible work
Faris Mahmood,FMS0043,2026-07-29,business_overpayment_return,$240.00,outflow,refund,Business Customer,Returned customer overpayment; not a business expense.,FM_CHQ_BUSINESS,business,posted,,,,,,2026-07-29 | business_overpayment_return | 240.00 | outflow | refund | Business Customer | Returned customer overpayment; not a business expense.
Faris Mahmood,FMR000064,2026-07-30,groceries,$91.82,outflow,expense,Local Grocer,Household grocery purchase,FM_VISA_PERSONAL,personal,posted,,,,,,2026-07-30 | groceries | 91.82 | outflow | expense | Local Grocer | Household grocery purchase
Faris Mahmood,FMR000474,2026-07-31,business_advertising,$104.18,outflow,expense,Ad Platform,Business advertising expense,FM_CHQ_BUSINESS,business,posted,,,,,,2026-07-31 | business_advertising | 104.18 | outflow | expense | Ad Platform | Business advertising expense
Faris Mahmood,FMR000458,2026-08-02,business_advertising,$160.25,outflow,expense,Ad Platform,Business advertising expense,FM_CHQ_BUSINESS,business,posted,,,,,,2026-08-02 | business_advertising | 160.25 | outflow | expense | Ad Platform | Business advertising expense
Faris Mahmood,FMR000490,2026-08-02,rental_income,"$1,029.88",inflow,income,Tenant,Residential rent payment,FM_CHQ_PERSONAL,personal,posted,,,,,,2026-08-02 | rental_income | 1029.88 | inflow | income | Tenant | Residential rent payment
Faris Mahmood,FMS0044,2026-08-02,crowdfunding_payment,$520.00,inflow,income,Crowdfunding Platform,Supporter payment for a digital project; exact reward structure is documented but not covered directly by organizer examples.,FM_CHQ_PERSONAL,personal,posted,,,,,,2026-08-02 | crowdfunding_payment | 520.00 | inflow | income | Crowdfunding Platform | Supporter payment for a digital project; exact reward structure is documented but not covered directly by organizer examples.
Faris Mahmood,FMR000295,2026-08-05,business_supplies,$25.81,outflow,expense,Office Supplier,Business supplies purchase,FM_CHQ_BUSINESS,business,posted,,,,,,2026-08-05 | business_supplies | 25.81 | outflow | expense | Office Supplier | Business supplies purchase
Faris Mahmood,FMR000358,2026-08-05,rental_income,$604.26,inflow,income,Tenant,Residential rent payment,FM_CHQ_PERSONAL,personal,posted,,,,,,2026-08-05 | rental_income | 604.26 | inflow | income | Tenant | Residential rent payment
Faris Mahmood,FMR000431,2026-08-06,business_advertising,$163.71,outflow,expense,Ad Platform,Business advertising expense,FM_CHQ_BUSINESS,business,posted,,,,,,2026-08-06 | business_advertising | 163.71 | outflow | expense | Ad Platform | Business advertising expense
Faris Mahmood,FMR000183,2026-08-08,rental_income,"$1,421.91",inflow,income,Tenant,Residential rent payment,FM_CHQ_PERSONAL,personal,posted,,,,,,2026-08-08 | rental_income | 1421.91 | inflow | income | Tenant | Residential rent payment
Faris Mahmood,FMR000219,2026-08-08,personal_spending,$21.96,outflow,expense,Retail Store,Personal spending,FM_VISA_PERSONAL,personal,posted,,,,,,2026-08-08 | personal_spending | 21.96 | outflow | expense | Retail Store | Personal spending
Faris Mahmood,FMR000312,2026-08-08,business_supplies,$62.13,outflow,expense,Office Supplier,Business supplies purchase,FM_CHQ_BUSINESS,business,posted,,,,,,2026-08-08 | business_supplies | 62.13 | outflow | expense | Office Supplier | Business supplies purchase
Faris Mahmood,FMR000338,2026-08-08,restaurant_meal,$30.30,outflow,expense,Local Restaurant,Restaurant meal,FM_VISA_PERSONAL,personal,posted,,,,,,2026-08-08 | restaurant_meal | 30.30 | outflow | expense | Local Restaurant | Restaurant meal
Faris Mahmood,FMR000453,2026-08-08,rental_income,"$1,106.19",inflow,income,Tenant,Residential rent payment,FM_CHQ_PERSONAL,personal,posted,,,,,,2026-08-08 | rental_income | 1106.19 | inflow | income | Tenant | Residential rent payment
Faris Mahmood,FMR000033,2026-08-09,tip_income,$69.45,inflow,income,Customer Tips,Tips from permissible work,FM_CHQ_PERSONAL,personal,posted,,,,,,2026-08-09 | tip_income | 69.45 | inflow | income | Customer Tips | Tips from permissible work
Faris Mahmood,FMR000336,2026-08-09,software_subscription,$42.39,outflow,expense,Software Vendor,Software subscription,FM_CHQ_BUSINESS,business,posted,,,,,,2026-08-09 | software_subscription | 42.39 | outflow | expense | Software Vendor | Software subscription
Faris Mahmood,FMR000122,2026-08-10,groceries,$137.76,outflow,expense,Local Grocer,Household grocery purchase,FM_VISA_PERSONAL,personal,posted,,,,,,2026-08-10 | groceries | 137.76 | outflow | expense | Local Grocer | Household grocery purchase
Faris Mahmood,FMR000284,2026-08-11,electricity_bill,$168.83,outflow,expense,Electric Utility,Monthly electricity bill,FM_VISA_PERSONAL,personal,posted,,,,,,2026-08-11 | electricity_bill | 168.83 | outflow | expense | Electric Utility | Monthly electricity bill
Faris Mahmood,FMR000452,2026-08-11,software_subscription,$26.35,outflow,expense,Software Vendor,Software subscription,FM_CHQ_BUSINESS,business,posted,,,,,,2026-08-11 | software_subscription | 26.35 | outflow | expense | Software Vendor | Software subscription
Faris Mahmood,FMR000459,2026-08-12,business_supplies,$36.03,outflow,expense,Office Supplier,Business supplies purchase,FM_CHQ_BUSINESS,business,posted,,,,,,2026-08-12 | business_supplies | 36.03 | outflow | expense | Office Supplier | Business supplies purchase
Faris Mahmood,FMR000115,2026-08-13,software_subscription,$75.00,outflow,expense,Software Vendor,Software subscription,FM_CHQ_BUSINESS,business,posted,,,,,,2026-08-13 | software_subscription | 75.00 | outflow | expense | Software Vendor | Software subscription
Faris Mahmood,FMR000233,2026-08-13,business_advertising,$66.51,outflow,expense,Ad Platform,Business advertising expense,FM_CHQ_BUSINESS,business,posted,,,,,,2026-08-13 | business_advertising | 66.51 | outflow | expense | Ad Platform | Business advertising expense
Faris Mahmood,FMR000240,2026-08-13,rental_income,$774.90,inflow,income,Tenant,Residential rent payment,FM_CHQ_PERSONAL,personal,posted,,,,,,2026-08-13 | rental_income | 774.90 | inflow | income | Tenant | Residential rent payment
Faris Mahmood,FMR000290,2026-08-15,software_subscription,$48.71,outflow,expense,Software Vendor,Software subscription,FM_CHQ_BUSINESS,business,posted,,,,,,2026-08-15 | software_subscription | 48.71 | outflow | expense | Software Vendor | Software subscription
Faris Mahmood,FMR000065,2026-08-16,software_subscription,$17.82,outflow,expense,Software Vendor,Software subscription,FM_CHQ_BUSINESS,business,posted,,,,,,2026-08-16 | software_subscription | 17.82 | outflow | expense | Software Vendor | Software subscription
Faris Mahmood,FMR000238,2026-08-16,rental_income,"$1,316.44",inflow,income,Tenant,Residential rent payment,FM_CHQ_PERSONAL,personal,posted,,,,,,2026-08-16 | rental_income | 1316.44 | inflow | income | Tenant | Residential rent payment
